full_text,cleaned-texts,stemmed-texts,tokenized-texts,pre-process,sentiment_score,sentiment
@NurJann53781736 @SenderLabs Jangan gitu bang doanya yg baik2 aja karena aman kembali ke kita,nurjann53781736 senderlabs jangan gitu bang doanya yg baik2 aja karena aman kembali ke kita,nurjann53781736 senderlabs jangan gitu bang doa yg baik2 aja karena aman kembali ke kita,,nurjann53781736 senderlabs jangan gitu bang doa yg baik2 aja karena aman kembali ke kita,4.0,Positif
@JohnnyS2123 @Gerindra @yusufagro @prabowo @gibran_tweet @BANGSAygSUJUD @Chavesz08 @AditBandit234 @Kenikir27 @AnisHectorium @AlmaghribiS @askencana @Papa_Brewook Masak pak Prabowo belain 1 orang yang berpotensi merugikan bangsa mengabaikan puluhan juta pendukungnya yang cinta bangsa,johnnys2123 gerindra yusufagro prabowo gibran tweet bangsaygsujud chavesz08 aditbandit234 kenikir27 anishectorium almaghribis askencana papa brewook masak pak prabowo belain 1 orang yang berpotensi merugikan bangsa mengabaikan puluhan juta pendukungnya yang cinta bangsa,johnnys2123 gerindra yusufagro prabowo gibran tweet bangsaygsujud chavesz08 aditbandit234 kenikir27 anishectorium almaghribis askencana papa brewook masak pak prabowo bain 1 orang yang potensi rugi bangsa abai puluh juta dukung yang cinta bangsa,,johnnys2123 gerindra yusufagro prabowo gibran tweet bangsaygsujud chavesz08 aditbandit234 kenikir27 anishectorium almaghribis askencana papa brewook masak pak prabowo bain 1 orang yang potensi rugi bangsa abai puluh juta dukung yang cinta bangsa,6.0,Positif
#MQZawawi IDM terbukti jadi salah satu kebutuhan mutlak dalam proses pembangunan DESA #IDMKemendesaBisa @jokowi @prabowo @gibran_tweet @halimiskandarnu @kemendesapdtt @malik_harammain @imansyukri....,mqzawawi idm terbukti jadi salah satu kebutuhan mutlak dalam proses pembangunan desa idmkemendesabisa jokowi prabowo gibran tweet halimiskandarnu kemendesapdtt malik harammain imansyukri,mqzawawi idm bukti jadi salah satu butuh mutlak dalam proses bangun desa idmkemendesabisa jokowi prabowo gibran tweet halimiskandarnu kemendesapdtt malik harammain imansyukri,,mqzawawi idm bukti jadi salah satu butuh mutlak dalam proses bangun desa idmkemendesabisa jokowi prabowo gibran tweet halimiskandarnu kemendesapdtt malik harammain imansyukri,1.0,Positif
@PartaiSocmed Kata siapa? Ternyata kata orang2 prabowo gibran wkwkwkwk https://t.co/G8yGTDxgNM,partaisocmed kata siapa ternyata kata orang2 prabowo gibran wkwkwkwk t co g8ygtdxgnm,partaisocmed kata siapa nyata kata orang2 prabowo gibran wkwkwkwk t co g8ygtdxgnm,,partaisocmed kata siapa nyata kata orang2 prabowo gibran wkwkwkwk t co g8ygtdxgnm,0.0,Netral
Wow megeneralisir pendukung Prabowo-Gibran goblok semua??? ,wow megeneralisir pendukung prabowo gibran goblok semua,wow megeneralisir dukung prabowo gibran goblok semua,,wow megeneralisir dukung prabowo gibran goblok semua,-1.0,Negatif
Indek Desa Membangun #IDMKemendesaBisa @jokowi @prabowo @gibran_tweet @halimiskandarnu @kemendespdtt @malik_haramain @imansyukri @taufikmadjid71 @yusradaridesa @azzameldzikrie @tppkemendes https://t.co/Ang8TJOFsL,indek desa membangun idmkemendesabisa jokowi prabowo gibran tweet halimiskandarnu kemendespdtt malik haramain imansyukri taufikmadjid71 yusradaridesa azzameldzikrie tppkemendes t co ang8tjofsl,indek desa bangun idmkemendesabisa jokowi prabowo gibran tweet halimiskandarnu kemendespdtt malik haramain imansyukri taufikmadjid71 yusradaridesa azzameldzikrie tppkemendes t co ang8tjofsl,,indek desa bangun idmkemendesabisa jokowi prabowo gibran tweet halimiskandarnu kemendespdtt malik haramain imansyukri taufikmadjid71 yusradaridesa azzameldzikrie tppkemendes t co ang8tjofsl,5.0,Positif
tiap gacha ampas ,tiap gacha ampas,tiap gacha ampas,,tiap gacha ampas,-3.0,Negatif
Dulu gue pengen bgt masuk TNP2K Pas Gibran kepilih gue sangat bersyukur dengan tidak jadi masuk dan tidak jadi daftar wkwkwk Biarkan anak anak UGM saja yg menguasai lembaga itu wkwk,dulu gue pengen bgt masuk tnp2000 pas gibran kepilih gue sangat bersyukur dengan tidak jadi masuk dan tidak jadi daftar wkwkwk biarkan anak anak ugm saja yg menguasai lembaga itu wkwk,dulu gue ken bgt masuk tnp2000 pas gibran pilih gue sangat syukur dengan tidak jadi masuk dan tidak jadi daftar wkwkwk biar anak anak ugm saja yg kuasa lembaga itu wkwk,,dulu gue ken bgt masuk tnp2000 pas gibran pilih gue sangat syukur dengan tidak jadi masuk dan tidak jadi daftar wkwkwk biar anak anak ugm saja yg kuasa lembaga itu wkwk,-19.0,Negatif
Indek Desa Membangun #IDMKemendesaBisa @jokowi @prabowo @gibran_tweet @halimiskandarnu @kemendespdtt @malik_haramain @imansyukri @taufikmadjid71 @yusradaridesa @azzameldzikrie @tppkemendes https://t.co/ZnopbI3zxO,indek desa membangun idmkemendesabisa jokowi prabowo gibran tweet halimiskandarnu kemendespdtt malik haramain imansyukri taufikmadjid71 yusradaridesa azzameldzikrie tppkemendes t co znopbi3zxo,indek desa bangun idmkemendesabisa jokowi prabowo gibran tweet halimiskandarnu kemendespdtt malik haramain imansyukri taufikmadjid71 yusradaridesa azzameldzikrie tppkemendes t co znopbi3zxo,,indek desa bangun idmkemendesabisa jokowi prabowo gibran tweet halimiskandarnu kemendespdtt malik haramain imansyukri taufikmadjid71 yusradaridesa azzameldzikrie tppkemendes t co znopbi3zxo,5.0,Positif
@afrkml @tanyakanrl Hak anak mendapatkan bukan kewajiban anak. Ribet dan ga ada point Imunisasi keputusan orangtua untuk anaknya anak belum bisa memutuskan maka peran orangtua yg memiliki keputusan logika hukum begitu. Maka tenaga kesehatan membantu sosialisasi dan menjelaskan. Jangan ribet,afrkml tanyakanrl hak anak mendapatkan bukan kewajiban anak ribet dan ga ada point imunisasi keputusan orangtua untuk anaknya anak belum bisa memutuskan maka peran orangtua yg memiliki keputusan logika hukum begitu maka tenaga kesehatan membantu sosialisasi dan menjelaskan jangan ribet,afrkml tanyakanrl hak anak dapat bukan wajib anak ribet dan ga ada point imunisasi putus orangtua untuk anak anak belum bisa putus maka peran orangtua yg milik putus logika hukum begitu maka tenaga sehat bantu sosialisasi dan jelas jangan ribet,,afrkml tanyakanrl hak anak dapat bukan wajib anak ribet dan ga ada point imunisasi putus orangtua untuk anak anak belum bisa putus maka peran orangtua yg milik putus logika hukum begitu maka tenaga sehat bantu sosialisasi dan jelas jangan ribet,-16.0,Negatif
@titymargana @tham878 @deddysitorus Orang mau cari benar sendiri jiarno !!sing penting 58 59â„… syah. Prabowo Gibran gak bisa digugat lagi. DEDY SITORUS MEMANG OKE ,titymargana tham878 deddysitorus orang mau cari benar sendiri jiarno sing penting 58 59 syah prabowo gibran gak bisa digugat lagi dedy sitorus memang oke,titymargana tham878 deddysitorus orang mau cari benar sendiri jiarno sing penting 58 59 syah prabowo gibran gak bisa gugat lagi dedy sitorus memang oke,,titymargana tham878 deddysitorus orang mau cari benar sendiri jiarno sing penting 58 59 syah prabowo gibran gak bisa gugat lagi dedy sitorus memang oke,4.0,Positif
Indek Desa Membangun #IDMKemendesaBisa @jokowi @prabowo @gibran_tweet @halimiskandarnu @kemendespdtt @malik_haramain @imansyukri @taufikmadjid71 @yusradaridesa @azzameldzikrie @tppkemendes,indek desa membangun idmkemendesabisa jokowi prabowo gibran tweet halimiskandarnu kemendespdtt malik haramain imansyukri taufikmadjid71 yusradaridesa azzameldzikrie tppkemendes,indek desa bangun idmkemendesabisa jokowi prabowo gibran tweet halimiskandarnu kemendespdtt malik haramain imansyukri taufikmadjid71 yusradaridesa azzameldzikrie tppkemendes,,indek desa bangun idmkemendesabisa jokowi prabowo gibran tweet halimiskandarnu kemendespdtt malik haramain imansyukri taufikmadjid71 yusradaridesa azzameldzikrie tppkemendes,5.0,Positif
@babymet42040068 @SenderLabs Yuk sama2 paket komplitnya,babymet42040068 senderlabs yuk sama2 paket komplitnya,babymet42040068 senderlabs yuk sama2 paket komplitnya,,babymet42040068 senderlabs yuk sama2 paket komplitnya,8.0,Positif
Indek Desa Membangun #IDMKemendesaBisa @jokowi @prabowo @gibran_tweet @halimiskandarnu @kemendespdtt @malik_haramain @imansyukri @taufikmadjid71 @yusradaridesa @azzameldzikrie @tppkemendes https://t.co/GDVMLMsdB4,indek desa membangun idmkemendesabisa jokowi prabowo gibran tweet halimiskandarnu kemendespdtt malik haramain imansyukri taufikmadjid71 yusradaridesa azzameldzikrie tppkemendes t co gdvmlmsdb4,indek desa bangun idmkemendesabisa jokowi prabowo gibran tweet halimiskandarnu kemendespdtt malik haramain imansyukri taufikmadjid71 yusradaridesa azzameldzikrie tppkemendes t co gdvmlmsdb4,,indek desa bangun idmkemendesabisa jokowi prabowo gibran tweet halimiskandarnu kemendespdtt malik haramain imansyukri taufikmadjid71 yusradaridesa azzameldzikrie tppkemendes t co gdvmlmsdb4,5.0,Positif
@kakacikay @SenderLabs Aku sudah komen tapi belum dibek,kakacikay senderlabs aku sudah komen tapi belum dibek,kakacikay senderlabs aku sudah komen tapi belum bek,,kakacikay senderlabs aku sudah komen tapi belum bek,-3.0,Negatif
Pemutakhiran Data IDM tahun 2024 #IDMKemendesaBisa @jokowi @prabowo @gibran_tweet @halimiskandarnu @Kemendespdtt @malik_haramain @imansyukri @taufikmadjid71 @yusradaridesa @azzameldzikrie @tppkemendes @maulanakpw @irfan_11 @Supri_Jatim @FaridW1010 https://t.co/Qb2aKFMPbY,pemutakhiran data idm tahun 2024 idmkemendesabisa jokowi prabowo gibran tweet halimiskandarnu kemendespdtt malik haramain imansyukri taufikmadjid71 yusradaridesa azzameldzikrie tppkemendes maulanakpw irfan 11 supri jatim faridw1010 t co qb2akfmpby,mutakhir data idm tahun 2024 idmkemendesabisa jokowi prabowo gibran tweet halimiskandarnu kemendespdtt malik haramain imansyukri taufikmadjid71 yusradaridesa azzameldzikrie tppkemendes maulanakpw irfan 11 supri jatim faridw1010 t co qb2akfmpby,,mutakhir data idm tahun 2024 idmkemendesabisa jokowi prabowo gibran tweet halimiskandarnu kemendespdtt malik haramain imansyukri taufikmadjid71 yusradaridesa azzameldzikrie tppkemendes maulanakpw irfan 11 supri jatim faridw1010 t co qb2akfmpby,8.0,Positif
@rasvegaa @SenderLabs Dah paket lengkap tuh kak,rasvegaa senderlabs dah paket lengkap tuh kak,rasvegaa senderlabs dah paket lengkap tuh kak,,rasvegaa senderlabs dah paket lengkap tuh kak,3.0,Positif
Pascaputusan MK dan Penetapan KPU Mungkin Akan Ada Susunan Koalisi Baru Prabowo-Gibran https://t.co/hddy7B2GCD #beritajogja #jogja #jogjaistimewa https://t.co/gsfroZ1GMe,pascaputusan mk dan penetapan kpu mungkin akan ada susunan koalisi baru prabowo gibran t co hddy7b2gcd beritajogja jogja jogjaistimewa t co gsfroz1gme,pascaputusan mk dan tetap kpu mungkin akan ada susun koalisi baru prabowo gibran t co hddy7b2gcd beritajogja jogja jogjaistimewa t co gsfroz1gme,,pascaputusan mk dan tetap kpu mungkin akan ada susun koalisi baru prabowo gibran t co hddy7b2gcd beritajogja jogja jogjaistimewa t co gsfroz1gme,3.0,Positif
IDM sebagai tolak ukur desa dalam mewujudkan tujuan pembangunan dan arah SDGs desa... #IDMKemendesaBisa @jokowi @prabowo @gibran_tweet @halimiskandarnu @Kemendespdtt @malik_haramain @imansyukri @taufikmadjid71 @yusradaridesa @azzameldzikrie @tppkemendes https://t.co/0sM92yCDUk,idm sebagai tolak ukur desa dalam mewujudkan tujuan pembangunan dan arah sdgs desa idmkemendesabisa jokowi prabowo gibran tweet halimiskandarnu kemendespdtt malik haramain imansyukri taufikmadjid71 yusradaridesa azzameldzikrie tppkemendes t co 0sm92ycduk,idm bagai tolak ukur desa dalam wujud tuju bangun dan arah sdgs desa idmkemendesabisa jokowi prabowo gibran tweet halimiskandarnu kemendespdtt malik haramain imansyukri taufikmadjid71 yusradaridesa azzameldzikrie tppkemendes t co 0sm92ycduk,,idm bagai tolak ukur desa dalam wujud tuju bangun dan arah sdgs desa idmkemendesabisa jokowi prabowo gibran tweet halimiskandarnu kemendespdtt malik haramain imansyukri taufikmadjid71 yusradaridesa azzameldzikrie tppkemendes t co 0sm92ycduk,13.0,Positif
Kepake lagi sekali https://t.co/JGsUdoSB3H,kepake lagi sekali t co jgsudosb3h,kepake lagi sekali t co jgsudosb3h,,kepake lagi sekali t co jgsudosb3h,-3.0,Negatif
Perhatian pak @prabowo pak @gibran_tweet. Rakyat Indonesia yang memilih bapak tidak ikhlas jika @aniesbaswedan @ganjarpranowo @cakimiNOW ada di dalam kabinet pemerintah yang akan datang. Safe Prof @mohmahfudmd ðŸ‡²ðŸ‡¨,perhatian pak prabowo pak gibran tweet rakyat indonesia yang memilih bapak tidak ikhlas jika aniesbaswedan ganjarpranowo cakiminow ada di dalam kabinet pemerintah yang akan datang safe prof mohmahfudmd,perhati pak prabowo pak gibran tweet rakyat indonesia yang pilih bapak tidak ikhlas jika aniesbaswedan ganjarpranowo cakiminow ada di dalam kabinet perintah yang akan datang safe prof mohmahfudmd,,perhati pak prabowo pak gibran tweet rakyat indonesia yang pilih bapak tidak ikhlas jika aniesbaswedan ganjarpranowo cakiminow ada di dalam kabinet perintah yang akan datang safe prof mohmahfudmd,18.0,Positif
@namilaze1 @SenderLabs Tumben telat bang,namilaze1 senderlabs tumben telat bang,namilaze1 senderlabs tumben telat bang,,namilaze1 senderlabs tumben telat bang,-6.0,Negatif
@baraqueue @SenderLabs Aku gak pelit kok say,baraqueue senderlabs aku gak pelit kok say,baraqueue senderlabs aku gak pelit kok say,,baraqueue senderlabs aku gak pelit kok say,-9.0,Negatif
Indek Desa Membangun #IDMKemendesaBisa @jokowi @prabowo @gibran_tweet @halimiskandarnu @kemendespdtt @malik_haramain @imansyukri @taufikmadjid71 @yusradaridesa @azzameldzikrie @tppkemendes https://t.co/49yazCLeVp,indek desa membangun idmkemendesabisa jokowi prabowo gibran tweet halimiskandarnu kemendespdtt malik haramain imansyukri taufikmadjid71 yusradaridesa azzameldzikrie tppkemendes t co 49yazclevp,indek desa bangun idmkemendesabisa jokowi prabowo gibran tweet halimiskandarnu kemendespdtt malik haramain imansyukri taufikmadjid71 yusradaridesa azzameldzikrie tppkemendes t co 49yazclevp,,indek desa bangun idmkemendesabisa jokowi prabowo gibran tweet halimiskandarnu kemendespdtt malik haramain imansyukri taufikmadjid71 yusradaridesa azzameldzikrie tppkemendes t co 49yazclevp,5.0,Positif
@Adityadh93 @SenderLabs Awas tidak diback,adityadh93 senderlabs awas tidak diback,adityadh93 senderlabs awas tidak diback,,adityadh93 senderlabs awas tidak diback,-8.0,Negatif
@Gerindra @yusufagro @prabowo @gibran_tweet @BANGSAygSUJUD @Chavesz08 @AditBandit234 @Kenikir27 @AnisHectorium @AlmaghribiS @askencana @Papa_Brewook Justru untuk kebaikan bangsa jangan libatkan orangÂ² berpotensi merugikan bangsa,gerindra yusufagro prabowo gibran tweet bangsaygsujud chavesz08 aditbandit234 kenikir27 anishectorium almaghribis askencana papa brewook justru untuk kebaikan bangsa jangan libatkan orang berpotensi merugikan bangsa,gerindra yusufagro prabowo gibran tweet bangsaygsujud chavesz08 aditbandit234 kenikir27 anishectorium almaghribis askencana papa brewook justru untuk baik bangsa jangan libat orang potensi rugi bangsa,,gerindra yusufagro prabowo gibran tweet bangsaygsujud chavesz08 aditbandit234 kenikir27 anishectorium almaghribis askencana papa brewook justru untuk baik bangsa jangan libat orang potensi rugi bangsa,-2.0,Negatif
@PRAKA_08 Bodo amat sih.. Intinya junjungan lo si Gibran kayaknya bakal jadi pajangan doang. Dikira Prabowo polos ya dengerin opini2 Gibran? ,praka 08 bodo amat sih intinya junjungan lo si gibran kayaknya bakal jadi pajangan doang dikira prabowo polos ya dengerin opini2 gibran,praka 08 bodo amat sih inti junjung lo si gibran kayak bakal jadi pajang doang kira prabowo polos ya dengerin opini2 gibran,,praka 08 bodo amat sih inti junjung lo si gibran kayak bakal jadi pajang doang kira prabowo polos ya dengerin opini2 gibran,-10.0,Negatif
@arrjjun_ @irfanyu97 @SenderLabs Gotong royong yuk,arrjjun irfanyu97 senderlabs gotong royong yuk,arrjjun irfanyu97 senderlabs gotong royong yuk,,arrjjun irfanyu97 senderlabs gotong royong yuk,4.0,Positif
Ketua Umum partai NasDem Surya Paloh mengaku belum ada tawaran posisi menteri ke NasDem seusai bergabung dalam pemerintahan Prabowo-Gibran. https://t.co/CI1gneVntk,ketua umum partai nasdem surya paloh mengaku belum ada tawaran posisi menteri ke nasdem seusai bergabung dalam pemerintahan prabowo gibran t co ci1gnevntk,ketua umum partai nasdem surya paloh aku belum ada tawar posisi menteri ke nasdem usai gabung dalam perintah prabowo gibran t co ci1gnevntk,,ketua umum partai nasdem surya paloh aku belum ada tawar posisi menteri ke nasdem usai gabung dalam perintah prabowo gibran t co ci1gnevntk,-2.0,Negatif
@kokon_manise @Klinton009 @SenderLabs @saakuru_labs @Imaginary_Ones @ParamLaboratory Dibek yah... Ikan sepat ikan gabus Semakin cepat semakin bagus,kokon manise klinton009 senderlabs saakuru labs imaginary ones paramlaboratory dibek yah ikan sepat ikan gabus semakin cepat semakin bagus,kokon manise klinton009 senderlabs saakuru labs imaginary ones paramlaboratory bek yah ikan sepat ikan gabus makin cepat makin bagus,,kokon manise klinton009 senderlabs saakuru labs imaginary ones paramlaboratory bek yah ikan sepat ikan gabus makin cepat makin bagus,7.0,Positif
Prabowo dg trah jokowi itu gak akrab2 banget. Aku sih pgn liat prabowo nyikat gibran nanti,prabowo dg trah jokowi itu gak akrab2 banget aku sih pgn liat prabowo nyikat gibran nanti,prabowo dg trah jokowi itu gak akrab2 banget aku sih pgn liat prabowo nyikat gibran nanti,,prabowo dg trah jokowi itu gak akrab2 banget aku sih pgn liat prabowo nyikat gibran nanti,-1.0,Negatif
@Heraloebss @prabowo @gibran_tweet Klen pd pula prabowo tdk sm dgn jokowi. Klw jokowi ya mungkin mau diatur buzzer dadakan ,heraloebss prabowo gibran tweet klen pd pula prabowo tdk sm dgn jokowi klw jokowi ya mungkin mau diatur buzzer dadakan,heraloebss prabowo gibran tweet klen pd pula prabowo tdk sm dgn jokowi klw jokowi ya mungkin mau atur buzzer dada,,heraloebss prabowo gibran tweet klen pd pula prabowo tdk sm dgn jokowi klw jokowi ya mungkin mau atur buzzer dada,-11.0,Negatif
Bagaimana Gerakan Perubahan Usai Pilpres? Prabowo Gibran juga berjanji akan meningkatkan produktivitas pertanian dengan mencetak dan meningkatkan produktivitas lahan pertanian dengan lumbung pangan desa daerah dan nasional. https://t.co/hrKP6fn1zj @Mayapada0812 @m1n4_95 https://t.co/QUu6n4Pp2p,bagaimana gerakan perubahan usai pilpres prabowo gibran juga berjanji akan meningkatkan produktivitas pertanian dengan mencetak dan meningkatkan produktivitas lahan pertanian dengan lumbung pangan desa daerah dan nasional t co hrkp6fn1zj mayapada0812 m1n4 95 t co quu6n4pp2p,bagaimana gera ubah usai pilpres prabowo gibran juga janji akan tingkat produktivitas tani dengan cetak dan tingkat produktivitas lahan tani dengan lumbung pangan desa daerah dan nasional t co hrkp6fn1zj mayapada0812 m1n4 95 t co quu6n4pp2p,,bagaimana gera ubah usai pilpres prabowo gibran juga janji akan tingkat produktivitas tani dengan cetak dan tingkat produktivitas lahan tani dengan lumbung pangan desa daerah dan nasional t co hrkp6fn1zj mayapada0812 m1n4 95 t co quu6n4pp2p,10.0,Positif
@Ali306462164992 @SenderLabs Sore bang Ali jangan lupa bek,ali306462164992 senderlabs sore bang ali jangan lupa bek,ali306462164992 senderlabs sore bang ali jangan lupa bek,,ali306462164992 senderlabs sore bang ali jangan lupa bek,-5.0,Negatif
Pendampingan Kegiatan Pendataan IDM Kabupaten Trenggalek @jokowi @prabowo @gibran_tweet @halimiskandarnu @kemendespdtt @malik_haramain @imansyukri @taufikmadjid71 @yusradaridesa @azzameldzikrie @tppkemendes https://t.co/sNeTHDWYBf,pendampingan kegiatan pendataan idm kabupaten trenggalek jokowi prabowo gibran tweet halimiskandarnu kemendespdtt malik haramain imansyukri taufikmadjid71 yusradaridesa azzameldzikrie tppkemendes t co snethdwybf,damping giat data idm kabupaten trenggalek jokowi prabowo gibran tweet halimiskandarnu kemendespdtt malik haramain imansyukri taufikmadjid71 yusradaridesa azzameldzikrie tppkemendes t co snethdwybf,,damping giat data idm kabupaten trenggalek jokowi prabowo gibran tweet halimiskandarnu kemendespdtt malik haramain imansyukri taufikmadjid71 yusradaridesa azzameldzikrie tppkemendes t co snethdwybf,7.0,Positif
@MurtadhaOne1 Nyindir Gibran dan ahy sekaligus,murtadhaone1 nyindir gibran dan ahy sekaligus,murtadhaone1 nyindir gibran dan ahy sekaligus,,murtadhaone1 nyindir gibran dan ahy sekaligus,-4.0,Negatif
@Kasayanto_ @PartaiSocmed @aven_januar @prabowo @gibran_tweet Sekretaris Parpol apakah representasi dari koalisi? Pemilu kali ini Gerindra tidak berdiri sendiri,kasayanto partaisocmed aven januar prabowo gibran tweet sekretaris parpol apakah representasi dari koalisi pemilu kali ini gerindra tidak berdiri sendiri,kasayanto partaisocmed aven januar prabowo gibran tweet sekretaris parpol apakah representasi dari koalisi milu kali ini gerindra tidak diri sendiri,,kasayanto partaisocmed aven januar prabowo gibran tweet sekretaris parpol apakah representasi dari koalisi milu kali ini gerindra tidak diri sendiri,-8.0,Negatif
Tak hadiri penetapan Prabowo-Gibran siapa yang dusta? Gimana tanggapan kalean lur? kasih paham di kolom komentar ya! #prabowo #gibran #ganjarpranowo #mahfudmd https://t.co/hWWWxugDY0,tak hadiri penetapan prabowo gibran siapa yang dusta gimana tanggapan kalean lur kasih paham di kolom komentar ya prabowo gibran ganjarpranowo mahfudmd t co hwwwxugdy0,tak hadir tetap prabowo gibran siapa yang dusta gimana tanggap kalean lur kasih paham di kolom komentar ya prabowo gibran ganjarpranowo mahfudmd t co hwwwxugdy0,,tak hadir tetap prabowo gibran siapa yang dusta gimana tanggap kalean lur kasih paham di kolom komentar ya prabowo gibran ganjarpranowo mahfudmd t co hwwwxugdy0,-11.0,Negatif
@Bambangmulyonoo @PDI_Perjuangan Apanya yang game over istilah kapal jangkarnya sudah dilego jangkar itu bernama Gibran Rakabuming Raka. Kapal ymg terombang ambing ambing itu bernama @PDI_Perjuangan .,bambangmulyonoo pdi perjuangan apanya yang game over istilah kapal jangkarnya sudah dilego jangkar itu bernama gibran rakabuming raka kapal ymg terombang ambing ambing itu bernama pdi perjuangan,bambangmulyonoo pdi juang apa yang game over istilah kapal jangkar sudah lego jangkar itu nama gibran rakabuming raka kapal ymg terombang ambing ambing itu nama pdi juang,,bambangmulyonoo pdi juang apa yang game over istilah kapal jangkar sudah lego jangkar itu nama gibran rakabuming raka kapal ymg terombang ambing ambing itu nama pdi juang,-12.0,Negatif
@praditdita @adith_wp @petitestardust G dulu = Gibran dulu? Ciyeeee,praditdita adith wp petitestardust g dulu gibran dulu ciyeeee,praditdita adith wp petitestardust g dulu gibran dulu ciyeeee,,praditdita adith wp petitestardust g dulu gibran dulu ciyeeee,-9.0,Negatif
Kalkulasi Politik Andai Anies Rasyid Baswedan jadi Oposisi atau Masuk Pemerintahan. Jangan pula kt bilang bhw Partai NasDem PKB dan PKS telah berkhianat krn ada kadernya menjadi menterinya Prabowo-Gibran. https://t.co/YUOrhqAdOr @Mayapada0812 @m1n4_95 @DoankWarto @mulanbilqis https://t.co/CX11s94h4W,kalkulasi politik andai anies rasyid baswedan jadi oposisi atau masuk pemerintahan jangan pula kt bilang bhw partai nasdem pkb dan pks telah berkhianat krn ada kadernya menjadi menterinya prabowo gibran t co yuorhqador mayapada0812 m1n4 95 doankwarto mulanbilqis t co cx11s94h4w,kalkulasi politik andai anies rasyid baswedan jadi oposisi atau masuk perintah jangan pula kt bilang bhw partai nasdem pkb dan pks telah khianat krn ada kader jadi menteri prabowo gibran t co yuorhqador mayapada0812 m1n4 95 doankwarto mulanbilqis t co cx11s94h4w,,kalkulasi politik andai anies rasyid baswedan jadi oposisi atau masuk perintah jangan pula kt bilang bhw partai nasdem pkb dan pks telah khianat krn ada kader jadi menteri prabowo gibran t co yuorhqador mayapada0812 m1n4 95 doankwarto mulanbilqis t co cx11s94h4w,1.0,Positif
Dengan IDM dapat membantu arah fokus arah pembangunan di desa. #IDMKemendesaBisa @jokowi @prabowo @gibran_tweet @halimiskandarnu @Kemendespdtt @malik_haramain @imansyukri @taufikmadjid71 @yusradaridesa @azzameldzikrie @tppkemendes https://t.co/3BCAPNfYNo,dengan idm dapat membantu arah fokus arah pembangunan di desa idmkemendesabisa jokowi prabowo gibran tweet halimiskandarnu kemendespdtt malik haramain imansyukri taufikmadjid71 yusradaridesa azzameldzikrie tppkemendes t co 3bcapnfyno,dengan idm dapat bantu arah fokus arah bangun di desa idmkemendesabisa jokowi prabowo gibran tweet halimiskandarnu kemendespdtt malik haramain imansyukri taufikmadjid71 yusradaridesa azzameldzikrie tppkemendes t co 3bcapnfyno,,dengan idm dapat bantu arah fokus arah bangun di desa idmkemendesabisa jokowi prabowo gibran tweet halimiskandarnu kemendespdtt malik haramain imansyukri taufikmadjid71 yusradaridesa azzameldzikrie tppkemendes t co 3bcapnfyno,6.0,Positif
@geloraco Prabowo gibran gak bakal nyampe 2 tahun..,geloraco prabowo gibran gak bakal nyampe 2 tahun,geloraco prabowo gibran gak bakal nyampe 2 tahun,,geloraco prabowo gibran gak bakal nyampe 2 tahun,-1.0,Negatif
Mari Sukseskan Pemutakhiran Indeks Desa membangun (IDM) 20244 #IDMKemendesaBisa @jokowi @prabowo @gibran_tweet @halimiskandarnu @kemendespdtt @malik_haramain @imansyukri @taufikmadjid71 @yusradaridesa @azzameldzikrie @tppkemendes https://t.co/t0KkyyPbhY,mari sukseskan pemutakhiran indeks desa membangun idm 20244 idmkemendesabisa jokowi prabowo gibran tweet halimiskandarnu kemendespdtt malik haramain imansyukri taufikmadjid71 yusradaridesa azzameldzikrie tppkemendes t co t0000kyypbhy,mari sukses mutakhir indeks desa bangun idm 20244 idmkemendesabisa jokowi prabowo gibran tweet halimiskandarnu kemendespdtt malik haramain imansyukri taufikmadjid71 yusradaridesa azzameldzikrie tppkemendes t co t0000kyypbhy,,mari sukses mutakhir indeks desa bangun idm 20244 idmkemendesabisa jokowi prabowo gibran tweet halimiskandarnu kemendespdtt malik haramain imansyukri taufikmadjid71 yusradaridesa azzameldzikrie tppkemendes t co t0000kyypbhy,11.0,Positif
AHY ajak warga Semarang menangkan Prabowo-Gibran agar Indonesia semakin maju. unv PDemokrat AgusYudhoyono Demokrat Demi rakyat https://t.co/SQwUKa2GKn,ahy ajak warga semarang menangkan prabowo gibran agar indonesia semakin maju unv pdemokrat agusyudhoyono demokrat demi rakyat t co sqwuka2gkn,ahy ajak warga semarang menang prabowo gibran agar indonesia makin maju unv pdemokrat agusyudhoyono demokrat demi rakyat t co sqwuka2gkn,,ahy ajak warga semarang menang prabowo gibran agar indonesia makin maju unv pdemokrat agusyudhoyono demokrat demi rakyat t co sqwuka2gkn,19.0,Positif
@BiLLRaY2019 Pernyataan dari Prabowo (Presiden) sedang pertanyaanya tertuju pafa Gibran (wakil Presoden) sampeyan putrane sinten (bopo) Lolos syarat nyawapres berkat paringane sinten ( si om ) Ini gimana pososi pernyataan PS thd pertanyaan kpd GRR,billray2019 pernyataan dari prabowo presiden sedang pertanyaanya tertuju pafa gibran wakil presoden sampeyan putrane sinten bopo lolos syarat nyawapres berkat paringane sinten si om ini gimana pososi pernyataan ps thd pertanyaan kpd grr,billray2019 nyata dari prabowo presiden sedang pertanyaanya tuju pafa gibran wakil presoden sampeyan putrane sinten bopo lolos syarat nyawapres berkat paringane sinten si om ini gimana pososi nyata ps thd tanya kpd grr,,billray2019 nyata dari prabowo presiden sedang pertanyaanya tuju pafa gibran wakil presoden sampeyan putrane sinten bopo lolos syarat nyawapres berkat paringane sinten si om ini gimana pososi nyata ps thd tanya kpd grr,10.0,Positif
@aniesbaswedan @VivianBala 1000 pengacara ngga ada yg mampu buktiin nepotisme yang dituduhkan ke gibran waduh...1000 pengacara sampah semua.,aniesbaswedan vivianbala 1000 pengacara ngga ada yg mampu buktiin nepotisme yang dituduhkan ke gibran waduh 1000 pengacara sampah semua,aniesbaswedan vivianbala 1000 acara ngga ada yg mampu buktiin nepotisme yang tuduh ke gibran waduh 1000 acara sampah semua,,aniesbaswedan vivianbala 1000 acara ngga ada yg mampu buktiin nepotisme yang tuduh ke gibran waduh 1000 acara sampah semua,-11.0,Negatif
@msobri99 Separah parahnya netizen lebih parah lagi yang ini bahkan juga MK berarti Jokowi gak punya anak laki dengan nama Gibran jadi mikir gw lantas dia anak siapa ,msobri99 separah parahnya netizen lebih parah lagi yang ini bahkan juga mk berarti jokowi gak punya anak laki dengan nama gibran jadi mikir gw lantas dia anak siapa,msobri99 parah parah netizen lebih parah lagi yang ini bahkan juga mk arti jokowi gak punya anak laki dengan nama gibran jadi mikir gw lantas dia anak siapa,,msobri99 parah parah netizen lebih parah lagi yang ini bahkan juga mk arti jokowi gak punya anak laki dengan nama gibran jadi mikir gw lantas dia anak siapa,-18.0,Negatif
AHY diskusi masalah bangsa dengan Gibran: Tantangan global makin kompleks. gxp AgusYudhoyono PDemokrat Demokrat Demi rakyat https://t.co/AX3jO4ZFkq,ahy diskusi masalah bangsa dengan gibran tantangan global makin kompleks gxp agusyudhoyono pdemokrat demokrat demi rakyat t co ax3jo4zfkq,ahy diskusi masalah bangsa dengan gibran tantang global makin kompleks gxp agusyudhoyono pdemokrat demokrat demi rakyat t co ax3jo4zfkq,,ahy diskusi masalah bangsa dengan gibran tantang global makin kompleks gxp agusyudhoyono pdemokrat demokrat demi rakyat t co ax3jo4zfkq,1.0,Positif
@MafiaWasit Gibran vs haritanoe menang spo mbah,mafiawasit gibran vs haritanoe menang spo mbah,mafiawasit gibran vs haritanoe menang spo mbah,,mafiawasit gibran vs haritanoe menang spo mbah,6.0,Positif
@Dennysiregar7 Dengarkan tuh...@kaesangp ga usah ikut2 @gibran_tweet dia mah anak presiden,dennysiregar7 dengarkan tuh kaesangp ga usah ikut2 gibran tweet dia mah anak presiden,dennysiregar7 dengar tuh kaesangp ga usah ikut2 gibran tweet dia mah anak presiden,,dennysiregar7 dengar tuh kaesangp ga usah ikut2 gibran tweet dia mah anak presiden,-5.0,Negatif
SBY dan AHY kompak ajak masyarakat Banyuwangi pilih Prabowo-Gibran. qx] AgusYudhoyono PDemokrat Demokrat Demi rakyat https://t.co/G9CE3I1MNk,sby dan ahy kompak ajak masyarakat banyuwangi pilih prabowo gibran qx agusyudhoyono pdemokrat demokrat demi rakyat t co g9ce3i1mnk,sby dan ahy kompak ajak masyarakat banyuwangi pilih prabowo gibran qx agusyudhoyono pdemokrat demokrat demi rakyat t co g9ce3i1mnk,,sby dan ahy kompak ajak masyarakat banyuwangi pilih prabowo gibran qx agusyudhoyono pdemokrat demokrat demi rakyat t co g9ce3i1mnk,10.0,Positif
Terlihat dengan setia pak SBY presiden ke 6 Indonesia di atas panggung bersama dengan mas AHY juga mendukung Prabowo Gibran.. mwi PDemokrat AgusYudhoyono Demokrat Demi rakyat https://t.co/cIt208yYEH,terlihat dengan setia pak sby presiden ke 6 indonesia di atas panggung bersama dengan mas ahy juga mendukung prabowo gibran mwi pdemokrat agusyudhoyono demokrat demi rakyat t co cit208yyeh,lihat dengan setia pak sby presiden ke 6 indonesia di atas panggung sama dengan mas ahy juga dukung prabowo gibran mwi pdemokrat agusyudhoyono demokrat demi rakyat t co cit208yyeh,,lihat dengan setia pak sby presiden ke 6 indonesia di atas panggung sama dengan mas ahy juga dukung prabowo gibran mwi pdemokrat agusyudhoyono demokrat demi rakyat t co cit208yyeh,29.0,Positif
Kegiatan pendataan IDM Kementerian Desa PDT dilaksanakan oleh TPP berkolaborasi dgn stakeholder di Desa. #IDMKemendesaBisa @jokowi @prabowo @gibran_tweet @halimiskandarnu @Kemendespdtt @malik_haramain @imansyukri @taufikmadjid71 @yusradaridesa @azzameldzikrie @tppkemendes https://t.co/XQfjYyZRKl,kegiatan pendataan idm kementerian desa pdt dilaksanakan oleh tpp berkolaborasi dgn stakeholder di desa idmkemendesabisa jokowi prabowo gibran tweet halimiskandarnu kemendespdtt malik haramain imansyukri taufikmadjid71 yusradaridesa azzameldzikrie tppkemendes t co xqfjyyzrkl,giat data idm menteri desa pdt laksana oleh tpp kolaborasi dgn stakeholder di desa idmkemendesabisa jokowi prabowo gibran tweet halimiskandarnu kemendespdtt malik haramain imansyukri taufikmadjid71 yusradaridesa azzameldzikrie tppkemendes t co xqfjyyzrkl,,giat data idm menteri desa pdt laksana oleh tpp kolaborasi dgn stakeholder di desa idmkemendesabisa jokowi prabowo gibran tweet halimiskandarnu kemendespdtt malik haramain imansyukri taufikmadjid71 yusradaridesa azzameldzikrie tppkemendes t co xqfjyyzrkl,10.0,Positif
Bapak SBY dan Mas AHY pun duduk diatas panggung ikut serta mendukung Prabowo Gibran. qfx AgusYudhoyono PDemokrat Demokrat Demi rakyat https://t.co/RdgbsRtlEt,bapak sby dan mas ahy pun duduk diatas panggung ikut serta mendukung prabowo gibran qfx agusyudhoyono pdemokrat demokrat demi rakyat t co rdgbsrtlet,bapak sby dan mas ahy pun duduk atas panggung ikut serta dukung prabowo gibran qfx agusyudhoyono pdemokrat demokrat demi rakyat t co rdgbsrtlet,,bapak sby dan mas ahy pun duduk atas panggung ikut serta dukung prabowo gibran qfx agusyudhoyono pdemokrat demokrat demi rakyat t co rdgbsrtlet,9.0,Positif
Pendataan IDM Kemendesa PDTT rutin dilaksanakan oleh TPP berkolaborasi dgn stakeholder terkait di Desa-desa terbukti mendapat apresiasi dari berbagai pihak #IDMKemendesaBisa @jokowi @prabowo @gibran_tweet @halimiskandarnu @Kemendespdtt @malik_haramain @imansyukri @taufikmadjid71,pendataan idm kemendesa pdtt rutin dilaksanakan oleh tpp berkolaborasi dgn stakeholder terkait di desa desa terbukti mendapat apresiasi dari berbagai pihak idmkemendesabisa jokowi prabowo gibran tweet halimiskandarnu kemendespdtt malik haramain imansyukri taufikmadjid71,data idm desa pdtt rutin laksana oleh tpp kolaborasi dgn stakeholder kait di desa desa bukti dapat apresiasi dari bagai pihak idmkemendesabisa jokowi prabowo gibran tweet halimiskandarnu kemendespdtt malik haramain imansyukri taufikmadjid71,,data idm desa pdtt rutin laksana oleh tpp kolaborasi dgn stakeholder kait di desa desa bukti dapat apresiasi dari bagai pihak idmkemendesabisa jokowi prabowo gibran tweet halimiskandarnu kemendespdtt malik haramain imansyukri taufikmadjid71,11.0,Positif
@ARSIPAJA next Gibran tunjuk Jokowi,arsipaja next gibran tunjuk jokowi,arsipaja next gibran tunjuk jokowi,,arsipaja next gibran tunjuk jokowi,0.0,Netral
Menutup masa kampanye @PDemokrat hadir all out di GBK untuk merapatkan barisan menangkan Prabowo-Gibran.. vmi AgusYudhoyono PDemokrat Demokrat Demi rakyat https://t.co/UEqxcEg9Lw,menutup masa kampanye pdemokrat hadir all out di gbk untuk merapatkan barisan menangkan prabowo gibran vmi agusyudhoyono pdemokrat demokrat demi rakyat t co ueqxceg9lw,tutup masa kampanye pdemokrat hadir all out di gbk untuk rapat baris menang prabowo gibran vmi agusyudhoyono pdemokrat demokrat demi rakyat t co ueqxceg9lw,,tutup masa kampanye pdemokrat hadir all out di gbk untuk rapat baris menang prabowo gibran vmi agusyudhoyono pdemokrat demokrat demi rakyat t co ueqxceg9lw,8.0,Positif
@yusufagro @gustavssondhela @prabowo @gibran_tweet @BANGSAygSUJUD @Chavesz08 @AditBandit234 @Gerindra @Kenikir27 @AnisHectorium @AlmaghribiS @askencana @Papa_Brewook Iya negara punya nenek loe kami mah cuma ngontrak ...,yusufagro gustavssondhela prabowo gibran tweet bangsaygsujud chavesz08 aditbandit234 gerindra kenikir27 anishectorium almaghribis askencana papa brewook iya negara punya nenek loe kami mah cuma ngontrak,yusufagro gustavssondhela prabowo gibran tweet bangsaygsujud chavesz08 aditbandit234 gerindra kenikir27 anishectorium almaghribis askencana papa brewook iya negara punya nenek loe kami mah cuma ngontrak,,yusufagro gustavssondhela prabowo gibran tweet bangsaygsujud chavesz08 aditbandit234 gerindra kenikir27 anishectorium almaghribis askencana papa brewook iya negara punya nenek loe kami mah cuma ngontrak,-1.0,Negatif
Di fotoin ayang Fotoin ayang https://t.co/ixOFC45hK8,di fotoin ayang fotoin ayang t co ixofc45hk8,di fotoin ayang fotoin ayang t co ixofc45hk8,,di fotoin ayang fotoin ayang t co ixofc45hk8,0.0,Netral
@Perokofk tidak,perokofk tidak,perokofk tidak,,perokofk tidak,-5.0,Negatif
Pemutakhiran Data IDM 2024 #IDMKemendesaBisa @jokowi @prabowo @gibran_tweet @halimiskandarnu @Kemendespdtt @malik_haramain @imansyukri @taufikmadjid71 @yusradaridesa @azzameldzikrie @tppkemendes https://t.co/pRGwCjP9DT,pemutakhiran data idm 2024 idmkemendesabisa jokowi prabowo gibran tweet halimiskandarnu kemendespdtt malik haramain imansyukri taufikmadjid71 yusradaridesa azzameldzikrie tppkemendes t co prgwcjp9dt,mutakhir data idm 2024 idmkemendesabisa jokowi prabowo gibran tweet halimiskandarnu kemendespdtt malik haramain imansyukri taufikmadjid71 yusradaridesa azzameldzikrie tppkemendes t co prgwcjp9dt,,mutakhir data idm 2024 idmkemendesabisa jokowi prabowo gibran tweet halimiskandarnu kemendespdtt malik haramain imansyukri taufikmadjid71 yusradaridesa azzameldzikrie tppkemendes t co prgwcjp9dt,8.0,Positif
@MpokJule @PartaiSocmed @aven_januar @prabowo @gibran_tweet Sekjen Gerindra hadir ...,mpokjule partaisocmed aven januar prabowo gibran tweet sekjen gerindra hadir,mpokjule partaisocmed aven januar prabowo gibran tweet sekjen gerindra hadir,,mpokjule partaisocmed aven januar prabowo gibran tweet sekjen gerindra hadir,-2.0,Negatif
@tanyarlfes Cara terkenal emang hrus dihujat gtu. Nti bnyak penggemarnya. Lalu diajak dukung gibran.,tanyarlfes cara terkenal emang hrus dihujat gtu nti bnyak penggemarnya lalu diajak dukung gibran,tanyarlfes cara kenal emang hrus hujat gtu nti bnyak gemar lalu ajak dukung gibran,,tanyarlfes cara kenal emang hrus hujat gtu nti bnyak gemar lalu ajak dukung gibran,-3.0,Negatif
@justcegil lucu sekali,justcegil lucu sekali,justcegil lucu sekali,,justcegil lucu sekali,2.0,Positif
Desa Mandiri Naik Jadi 11.456 Desa Gus Menteri @halimiskandarnu : Ini Jadi Motivasi Daerah Lain Genjot Pembangunan Desa Klik baca : https://t.co/hyqhAvNcrY #IDMKemendesaBisa @jokowi @prabowo @gibran_tweet @halimiskandarnu @taufikmadjid71 https://t.co/JtjhtjSMd5,desa mandiri naik jadi 11 456 desa gus menteri halimiskandarnu ini jadi motivasi daerah lain genjot pembangunan desa klik baca t co hyqhavncry idmkemendesabisa jokowi prabowo gibran tweet halimiskandarnu taufikmadjid71 t co jtjhtjsmd5,desa mandiri naik jadi 11 456 desa gus menteri halimiskandarnu ini jadi motivasi daerah lain genjot bangun desa klik baca t co hyqhavncry idmkemendesabisa jokowi prabowo gibran tweet halimiskandarnu taufikmadjid71 t co jtjhtjsmd5,,desa mandiri naik jadi 11 456 desa gus menteri halimiskandarnu ini jadi motivasi daerah lain genjot bangun desa klik baca t co hyqhavncry idmkemendesabisa jokowi prabowo gibran tweet halimiskandarnu taufikmadjid71 t co jtjhtjsmd5,9.0,Positif
@tppkemendes @halimiskandarnu @jokowi @prabowo @gibran_tweet @taufikmadjid71 @malik_haramain @imansyukri Mantap selalu sukses untuk indonesia maju,tppkemendes halimiskandarnu jokowi prabowo gibran tweet taufikmadjid71 malik haramain imansyukri mantap selalu sukses untuk indonesia maju,tppkemendes halimiskandarnu jokowi prabowo gibran tweet taufikmadjid71 malik haramain imansyukri mantap selalu sukses untuk indonesia maju,,tppkemendes halimiskandarnu jokowi prabowo gibran tweet taufikmadjid71 malik haramain imansyukri mantap selalu sukses untuk indonesia maju,18.0,Positif
@okyanggriawan_ @tvOneNews Jng suruh2 orang yg bebal dg aturan. Aturan MK aja berani dikotak katik dah songong culas tak punya malu pula. Semoga tdk ada keberkahan hidup si Gibran.,okyanggriawan tvonenews jng suruh2 orang yg bebal dg aturan aturan mk aja berani dikotak katik dah songong culas tak punya malu pula semoga tdk ada keberkahan hidup si gibran,okyanggriawan tvonenews jng suruh2 orang yg bebal dg atur atur mk aja berani kotak katik dah songong culas tak punya malu pula moga tdk ada berkah hidup si gibran,,okyanggriawan tvonenews jng suruh2 orang yg bebal dg atur atur mk aja berani kotak katik dah songong culas tak punya malu pula moga tdk ada berkah hidup si gibran,-25.0,Negatif
@StefanAntonio__ @PDI_Perjuangan @ganjarpranowo Klw PDIP menerima pinangan om wowo itu artinya apa yg sudah mereka teriakkan selama ini brarti kosong melompong wlwpun pake syarat tanpa gibran 'kan ga mung'in ,stefanantonio pdi perjuangan ganjarpranowo klw pdip menerima pinangan om wowo itu artinya apa yg sudah mereka teriakkan selama ini brarti kosong melompong wlwpun pake syarat tanpa gibran kan ga mung in,stefanantonio pdi juang ganjarpranowo klw pdip terima pinang om wowo itu arti apa yg sudah mereka teriak lama ini brarti kosong melompong wlwpun pake syarat tanpa gibran kan ga mung in,,stefanantonio pdi juang ganjarpranowo klw pdip terima pinang om wowo itu arti apa yg sudah mereka teriak lama ini brarti kosong melompong wlwpun pake syarat tanpa gibran kan ga mung in,-22.0,Negatif
@AREAJULID @prabowo @gibran_tweet kedepannya tugas panjenengan mungkin hal ini harus segera diurus rubah sistem masalah bea cukai di indonesia.,areajulid prabowo gibran tweet kedepannya tugas panjenengan mungkin hal ini harus segera diurus rubah sistem masalah bea cukai di indonesia,areajulid prabowo gibran tweet depan tugas panjenengan mungkin hal ini harus segera urus rubah sistem masalah bea cukai di indonesia,,areajulid prabowo gibran tweet depan tugas panjenengan mungkin hal ini harus segera urus rubah sistem masalah bea cukai di indonesia,-12.0,Negatif
PKB dan NasDem Gabung Koalisi Prabowo-Gibran Anies Bilang Begini https://t.co/CZP6wS1TbW #beritajogja #jogja #jogjaistimewa https://t.co/Ksp9LmLf4X,pkb dan nasdem gabung koalisi prabowo gibran anies bilang begini t co czp6ws1tbw beritajogja jogja jogjaistimewa t co ksp9lmlf4x,pkb dan nasdem gabung koalisi prabowo gibran anies bilang begini t co czp6ws1tbw beritajogja jogja jogjaistimewa t co ksp9lmlf4x,,pkb dan nasdem gabung koalisi prabowo gibran anies bilang begini t co czp6ws1tbw beritajogja jogja jogjaistimewa t co ksp9lmlf4x,1.0,Positif
@hidahidaan Tapi pensiunan projo mau buat relawan gibran ... bakal rame terus,hidahidaan tapi pensiunan projo mau buat relawan gibran bakal rame terus,hidahidaan tapi pensiun projo mau buat rawan gibran bakal rame terus,,hidahidaan tapi pensiun projo mau buat rawan gibran bakal rame terus,-6.0,Negatif
IDM sangat penting dalam proses pembangunan Desa #IDMKemendesaBisa @jokowi @prabowo @gibran_tweet @halimiskandarnu @Kemendespdtt @malik_haramain @imansyukri @taufikmadjid71 @yusradaridesa @azzameldzikrie @tppkemendes https://t.co/GBiKIaBRLa https://t.co/dPJE8NXQuN,idm sangat penting dalam proses pembangunan desa idmkemendesabisa jokowi prabowo gibran tweet halimiskandarnu kemendespdtt malik haramain imansyukri taufikmadjid71 yusradaridesa azzameldzikrie tppkemendes t co gbikiabrla t co dpje8nxqun,idm sangat penting dalam proses bangun desa idmkemendesabisa jokowi prabowo gibran tweet halimiskandarnu kemendespdtt malik haramain imansyukri taufikmadjid71 yusradaridesa azzameldzikrie tppkemendes t co gbikiabrla t co dpje8nxqun,,idm sangat penting dalam proses bangun desa idmkemendesabisa jokowi prabowo gibran tweet halimiskandarnu kemendespdtt malik haramain imansyukri taufikmadjid71 yusradaridesa azzameldzikrie tppkemendes t co gbikiabrla t co dpje8nxqun,9.0,Positif
Pendataan IDM Kemendesa PDTT rutin dilaksanakan oleh TPP berkolaborasi dengan stakeholder terbukti mendapat apresiasi dari berbagai pihak. #IDMKemendesaBisa @jokowi @prabowo @gibran_tweet @halimiskandarnu @kemendespdtt @malik_haramain @imansyukri @taufikmadjid71 @azzameldzikrie https://t.co/ImFhgv6u8n,pendataan idm kemendesa pdtt rutin dilaksanakan oleh tpp berkolaborasi dengan stakeholder terbukti mendapat apresiasi dari berbagai pihak idmkemendesabisa jokowi prabowo gibran tweet halimiskandarnu kemendespdtt malik haramain imansyukri taufikmadjid71 azzameldzikrie t co imfhgv6u8n,data idm desa pdtt rutin laksana oleh tpp kolaborasi dengan stakeholder bukti dapat apresiasi dari bagai pihak idmkemendesabisa jokowi prabowo gibran tweet halimiskandarnu kemendespdtt malik haramain imansyukri taufikmadjid71 azzameldzikrie t co imfhgv6u8n,,data idm desa pdtt rutin laksana oleh tpp kolaborasi dengan stakeholder bukti dapat apresiasi dari bagai pihak idmkemendesabisa jokowi prabowo gibran tweet halimiskandarnu kemendespdtt malik haramain imansyukri taufikmadjid71 azzameldzikrie t co imfhgv6u8n,10.0,Positif
@gregoryalfared @SenderLabs Gak bisa satset,gregoryalfared senderlabs gak bisa satset,gregoryalfared senderlabs gak bisa satset,,gregoryalfared senderlabs gak bisa satset,-5.0,Negatif
Prabowo-Gibran Kemaruk Jabatan?.,prabowo gibran kemaruk jabatan,prabowo gibran kemaruk jabat,,prabowo gibran kemaruk jabat,-4.0,Negatif
@gibran_tweet benerin bisa kalii..,gibran tweet benerin bisa kalii,gibran tweet benerin bisa kali,,gibran tweet benerin bisa kali,-2.0,Negatif
@sukardiyahya162 @gibran_tweet @ganjarpranowo @mohmahfudmd Ente ente pler kwkwkkww,sukardiyahya162 gibran tweet ganjarpranowo mohmahfudmd ente ente pler kwkwkkww,sukardiyahya162 gibran tweet ganjarpranowo mohmahfudmd ente ente pler kwkwkkww,,sukardiyahya162 gibran tweet ganjarpranowo mohmahfudmd ente ente pler kwkwkkww,-8.0,Negatif
Gegara Hal Ini Kekuatan Prabowo-Gibran diyakini Bertambah Berkali Lipat https://t.co/EUXz6a0npv,gegara hal ini kekuatan prabowo gibran diyakini bertambah berkali lipat t co euxz6a0npv,gegara hal ini kuat prabowo gibran yakin tambah kali lipat t co euxz6a0npv,,gegara hal ini kuat prabowo gibran yakin tambah kali lipat t co euxz6a0npv,9.0,Positif
@kansasrisky_ @SenderLabs Tetep semangat,kansasrisky senderlabs tetep semangat,kansasrisky senderlabs tetep semangat,,kansasrisky senderlabs tetep semangat,4.0,Positif
Prabowo Gibran Bisa Apa?.,prabowo gibran bisa apa,prabowo gibran bisa apa,,prabowo gibran bisa apa,4.0,Positif
@petanipunk @saakuru_labs Dono bung,petanipunk saakuru labs dono bung,petanipunk saakuru labs dono bung,,petanipunk saakuru labs dono bung,0.0,Netral
#IDMKemendesBISA @jokowi @prabowo @gibran_tweet @halimiskandarnu @Kemendespdtt @malik_haramain @imansyukri @taufikmadjid71 @yusradaridesa @azzameldzikrie @tppkemendes Sosialisasi percepatan input IDM 2024 https://t.co/2yTpjTongo,idmkemendesbisa jokowi prabowo gibran tweet halimiskandarnu kemendespdtt malik haramain imansyukri taufikmadjid71 yusradaridesa azzameldzikrie tppkemendes sosialisasi percepatan input idm 2024 t co 2ytpjtongo,idmkemendesbisa jokowi prabowo gibran tweet halimiskandarnu kemendespdtt malik haramain imansyukri taufikmadjid71 yusradaridesa azzameldzikrie tppkemendes sosialisasi cepat input idm 2024 t co 2ytpjtongo,,idmkemendesbisa jokowi prabowo gibran tweet halimiskandarnu kemendespdtt malik haramain imansyukri taufikmadjid71 yusradaridesa azzameldzikrie tppkemendes sosialisasi cepat input idm 2024 t co 2ytpjtongo,0.0,Netral
@PartaiSocmed @aven_januar @prabowo @gibran_tweet PKS bukan urusan penting.... ,partaisocmed aven januar prabowo gibran tweet pks bukan urusan penting,partaisocmed aven januar prabowo gibran tweet pks bukan urus penting,,partaisocmed aven januar prabowo gibran tweet pks bukan urus penting,-3.0,Negatif
Bahahahahahahahaha udah ngataÂ²in Prabowo &amp; Gibran di media sosial sama kadernya eh petinggi PKS ngarep jabatan di Pemerintahan Prabowo. ,bahahahahahahahaha udah ngata in prabowo amp gibran di media sosial sama kadernya eh petinggi pks ngarep jabatan di pemerintahan prabowo,bahahahahahahahaha udah ngata in prabowo amp gibran di media sosial sama kader eh petinggi pks ngarep jabat di perintah prabowo,,bahahahahahahahaha udah ngata in prabowo amp gibran di media sosial sama kader eh petinggi pks ngarep jabat di perintah prabowo,-2.0,Negatif
IDM untuk mengetahui perkembangan suatu desa dan sebagai dasar arah pembangunan desa. #IDMKemendesaBisa @jokowi @prabowo @gibran_tweet @halimiskandarnu @Kemendespdtt @malik_haramain @imansyukri @taufikmadjid71 @yusradaridesa @azzameldzikrie @tppkemendes https://t.co/G1c6iU2K1K,idm untuk mengetahui perkembangan suatu desa dan sebagai dasar arah pembangunan desa idmkemendesabisa jokowi prabowo gibran tweet halimiskandarnu kemendespdtt malik haramain imansyukri taufikmadjid71 yusradaridesa azzameldzikrie tppkemendes t co g1c6iu20001000,idm untuk tahu kembang suatu desa dan bagai dasar arah bangun desa idmkemendesabisa jokowi prabowo gibran tweet halimiskandarnu kemendespdtt malik haramain imansyukri taufikmadjid71 yusradaridesa azzameldzikrie tppkemendes t co g1c6iu20001000,,idm untuk tahu kembang suatu desa dan bagai dasar arah bangun desa idmkemendesabisa jokowi prabowo gibran tweet halimiskandarnu kemendespdtt malik haramain imansyukri taufikmadjid71 yusradaridesa azzameldzikrie tppkemendes t co g1c6iu20001000,14.0,Positif
Diminta pesanÂ² buat pemerintahan Prabowo-Gibran eh malah nembak Metro TV karena kopinya ga ada. https://t.co/jxZN46bnup,diminta pesan buat pemerintahan prabowo gibran eh malah nembak metro tv karena kopinya ga ada t co jxzn46bnup,minta pesan buat perintah prabowo gibran eh malah nembak metro tv karena kopi ga ada t co jxzn46bnup,,minta pesan buat perintah prabowo gibran eh malah nembak metro tv karena kopi ga ada t co jxzn46bnup,-11.0,Negatif
@KhaerulArshaka @SenderLabs Semangat lur,khaerularshaka senderlabs semangat lur,khaerularshaka senderlabs semangat lur,,khaerularshaka senderlabs semangat lur,4.0,Positif
@BANGSAygSUJUD @prabowo @gibran_tweet @budimandjatmiko Hati2 pkb merapat mereka tidak rela kemendes lepas,bangsaygsujud prabowo gibran tweet budimandjatmiko hati2 pkb merapat mereka tidak rela kemendes lepas,bangsaygsujud prabowo gibran tweet budimandjatmiko hati2 pkb rapat mereka tidak rela kemendes lepas,,bangsaygsujud prabowo gibran tweet budimandjatmiko hati2 pkb rapat mereka tidak rela kemendes lepas,-9.0,Negatif
@IncDiana @SenderLabs Secapat cahaya,incdiana senderlabs secapat cahaya,incdiana senderlabs secapat cahaya,,incdiana senderlabs secapat cahaya,0.0,Netral
@elsaday__ Aku orang pinggir jalan cari uang susah sekarang ...efek prabowo gibran menang. Rugi dongk...usahakecil https://t.co/pdaq0kxcT7,elsaday aku orang pinggir jalan cari uang susah sekarang efek prabowo gibran menang rugi dongk usahakecil t co pdaq0000xct7,elsaday aku orang pinggir jalan cari uang susah sekarang efek prabowo gibran menang rugi dongk usahakecil t co pdaq0000xct7,,elsaday aku orang pinggir jalan cari uang susah sekarang efek prabowo gibran menang rugi dongk usahakecil t co pdaq0000xct7,-4.0,Negatif
@AKU_dgn3putra Pelangaran etik tetap. Gibran pake paman buat rubah UU juga tetap pelanggaran Bagi bagi sembako juga terbukti. Cuma konstitusi tetap memenangkan 02. Jadi secara hukum amin kalah. Menerima kekalahan bukan berarti mentolelir kecurangannya,aku dgn3putra pelangaran etik tetap gibran pake paman buat rubah uu juga tetap pelanggaran bagi bagi sembako juga terbukti cuma konstitusi tetap memenangkan 02 jadi secara hukum amin kalah menerima kekalahan bukan berarti mentolelir kecurangannya,aku dgn3putra pelangaran etik tetap gibran pake paman buat rubah uu juga tetap langgar bagi bagi sembako juga bukti cuma konstitusi tetap menang 02 jadi cara hukum amin kalah terima kalah bukan arti mentolelir curang,,aku dgn3putra pelangaran etik tetap gibran pake paman buat rubah uu juga tetap langgar bagi bagi sembako juga bukti cuma konstitusi tetap menang 02 jadi cara hukum amin kalah terima kalah bukan arti mentolelir curang,-21.0,Negatif
Dampingi Gibran bertemu SBY AHY: Demokrat all-out menangkan Prabowo Gibran. vw^ AgusYudhoyono PDemokrat Demokrat Demi rakyat https://t.co/Os2wneAfeS,dampingi gibran bertemu sby ahy demokrat all out menangkan prabowo gibran vw agusyudhoyono pdemokrat demokrat demi rakyat t co os2wneafes,damping gibran temu sby ahy demokrat all out menang prabowo gibran vw agusyudhoyono pdemokrat demokrat demi rakyat t co os2wneafes,,damping gibran temu sby ahy demokrat all out menang prabowo gibran vw agusyudhoyono pdemokrat demokrat demi rakyat t co os2wneafes,15.0,Positif
@kompascom Lhoo lha emang menteri2 PDIP yang melantik TKN Prabowo-Gibran? Aneh. Makin ke sini kok makin ke situ https://t.co/Tjy4E2eYgT,kompascom lhoo lha emang menteri2 pdip yang melantik tkn prabowo gibran aneh makin ke sini kok makin ke situ t co tjy4e2eygt,kompascom lhoo lha emang menteri2 pdip yang lantik tkn prabowo gibran aneh makin ke sini kok makin ke situ t co tjy4e2eygt,,kompascom lhoo lha emang menteri2 pdip yang lantik tkn prabowo gibran aneh makin ke sini kok makin ke situ t co tjy4e2eygt,-3.0,Negatif
AHY sebut hilirisasi warisan SBY Prabowo-Gibran diminta perkuat lagi agromaritim.. rlw AgusYudhoyono PDemokrat Demokrat Demi rakyat https://t.co/Wq5mPZWQuS,ahy sebut hilirisasi warisan sby prabowo gibran diminta perkuat lagi agromaritim rlw agusyudhoyono pdemokrat demokrat demi rakyat t co wq5mpzwqus,ahy sebut hilir waris sby prabowo gibran minta kuat lagi agromaritim rlw agusyudhoyono pdemokrat demokrat demi rakyat t co wq5mpzwqus,,ahy sebut hilir waris sby prabowo gibran minta kuat lagi agromaritim rlw agusyudhoyono pdemokrat demokrat demi rakyat t co wq5mpzwqus,8.0,Positif
https://t.co/o31ZJGScGG Sosialisasi Indeks Desa Bagi Tenaga Pendamping Profesional Wilayah Sumat... @jokowi @prabowo @gibran_tweet @halimiskandarnu @Kemendespdtt @malik_haramain @imansyukri @taufikmadjid71 @yusradaridesa @azzameldzikrie,t co o31zjgscgg sosialisasi indeks desa bagi tenaga pendamping profesional wilayah sumat jokowi prabowo gibran tweet halimiskandarnu kemendespdtt malik haramain imansyukri taufikmadjid71 yusradaridesa azzameldzikrie,t co o31zjgscgg sosialisasi indeks desa bagi tenaga damping profesional wilayah sumat jokowi prabowo gibran tweet halimiskandarnu kemendespdtt malik haramain imansyukri taufikmadjid71 yusradaridesa azzameldzikrie,,t co o31zjgscgg sosialisasi indeks desa bagi tenaga damping profesional wilayah sumat jokowi prabowo gibran tweet halimiskandarnu kemendespdtt malik haramain imansyukri taufikmadjid71 yusradaridesa azzameldzikrie,4.0,Positif
@_sekarkinanthi_ @Gerindra @fadlizon @psi_id @prabowo @Dahnilanzar @andre_rosiade @bang_dasco @jokowi @Dennysiregar7 @Aryprasetyo85 @aariejazz @ZUL_Hasan @golkarpedia @golkar_id @Fahrihamzah @bjah89 @branjangankawat @BiLLRaY2019 @NgkongRoses @YRadianto @PartBurungGalak @CherylTanzil @grace_nat @03__nakula @DedynurPalakka @gibran_tweet @dewiirawan13 @hilalmultibiz @DS_yantie @widarto63285827 @seruanhl @RIPDEMOKRASI DNA Pengkhianat Soemitro.... https://t.co/Xi3T7Bh9Ba,sekarkinanthi gerindra fadlizon psi id prabowo dahnilanzar andre rosiade bang dasco jokowi dennysiregar7 aryprasetyo85 aariejazz zul hasan golkarpedia golkar id fahrihamzah bjah89 branjangankawat billray2019 ngkongroses yradianto partburunggalak cheryltanzil grace nat 03 nakula dedynurpalakka gibran tweet dewiirawan13 hilalmultibiz ds yantie widarto63285827 seruanhl ripdemokrasi dna pengkhianat soemitro t co xi3t7bh9ba,sekarkinanthi gerindra fadlizon psi id prabowo dahnilanzar andre rosiade bang dasco jokowi dennysiregar7 aryprasetyo85 aariejazz zul hasan golkarpedia golkar id fahrihamzah bjah89 branjangankawat billray2019 ngkongroses yradianto partburunggalak cheryltanzil grace nat 03 nakula dedynurpalakka gibran tweet dewiirawan13 hilalmultibiz ds yantie widarto63285827 seruanhl ripdemokrasi dna khianat soemitro t co xi3t7bh9ba,,sekarkinanthi gerindra fadlizon psi id prabowo dahnilanzar andre rosiade bang dasco jokowi dennysiregar7 aryprasetyo85 aariejazz zul hasan golkarpedia golkar id fahrihamzah bjah89 branjangankawat billray2019 ngkongroses yradianto partburunggalak cheryltanzil grace nat 03 nakula dedynurpalakka gibran tweet dewiirawan13 hilalmultibiz ds yantie widarto63285827 seruanhl ripdemokrasi dna khianat soemitro t co xi3t7bh9ba,-7.0,Negatif
Terbukti menangkan pilpres 2 kali pengamat nilai peran Demokrat menangkan Prabowo-Gibran sangat vital.. c^k PDemokrat AgusYudhoyono Demokrat Demi rakyat https://t.co/AMfBReLG53,terbukti menangkan pilpres 2 kali pengamat nilai peran demokrat menangkan prabowo gibran sangat vital c k pdemokrat agusyudhoyono demokrat demi rakyat t co amfbrelg53,bukti menang pilpres 2 kali amat nilai peran demokrat menang prabowo gibran sangat vital c k pdemokrat agusyudhoyono demokrat demi rakyat t co amfbrelg53,,bukti menang pilpres 2 kali amat nilai peran demokrat menang prabowo gibran sangat vital c k pdemokrat agusyudhoyono demokrat demi rakyat t co amfbrelg53,22.0,Positif
All out menangkan Prabowo Gibran AHY: Kita wujudkan kesejahteraan rakyat.. \m_ PDemokrat AgusYudhoyono Demokrat Demi rakyat https://t.co/toccRHhBxC,all out menangkan prabowo gibran ahy kita wujudkan kesejahteraan rakyat m pdemokrat agusyudhoyono demokrat demi rakyat t co toccrhhbxc,all out menang prabowo gibran ahy kita wujud sejahtera rakyat m pdemokrat agusyudhoyono demokrat demi rakyat t co toccrhhbxc,,all out menang prabowo gibran ahy kita wujud sejahtera rakyat m pdemokrat agusyudhoyono demokrat demi rakyat t co toccrhhbxc,26.0,Positif
Kegiatan pendataan IDM (Indeks Desa Membangun) Kementerian Desa PDTT rutin dilaksanakan oleh TPP #IDMKemendesaBisa @jokowi @prabowo @gibran_tweet @halimiskandarnu @Kemendespdtt @malik_haramain @imansyukri @taufikmadjid71 @yusradaridesa @azzameldzikrie @tppkemendes https://t.co/yTJ8FxpRSW,kegiatan pendataan idm indeks desa membangun kementerian desa pdtt rutin dilaksanakan oleh tpp idmkemendesabisa jokowi prabowo gibran tweet halimiskandarnu kemendespdtt malik haramain imansyukri taufikmadjid71 yusradaridesa azzameldzikrie tppkemendes t co ytj8fxprsw,giat data idm indeks desa bangun menteri desa pdtt rutin laksana oleh tpp idmkemendesabisa jokowi prabowo gibran tweet halimiskandarnu kemendespdtt malik haramain imansyukri taufikmadjid71 yusradaridesa azzameldzikrie tppkemendes t co ytj8fxprsw,,giat data idm indeks desa bangun menteri desa pdtt rutin laksana oleh tpp idmkemendesabisa jokowi prabowo gibran tweet halimiskandarnu kemendespdtt malik haramain imansyukri taufikmadjid71 yusradaridesa azzameldzikrie tppkemendes t co ytj8fxprsw,13.0,Positif
@tppkemendes @halimiskandarnu @jokowi @prabowo @gibran_tweet @taufikmadjid71 @malik_haramain @imansyukri Sukses Gus. Menteri... IDM-2024,tppkemendes halimiskandarnu jokowi prabowo gibran tweet taufikmadjid71 malik haramain imansyukri sukses gus menteri idm 2024,tppkemendes halimiskandarnu jokowi prabowo gibran tweet taufikmadjid71 malik haramain imansyukri sukses gus menteri idm 2024,,tppkemendes halimiskandarnu jokowi prabowo gibran tweet taufikmadjid71 malik haramain imansyukri sukses gus menteri idm 2024,4.0,Positif
AHY ajak warga Semarang menangkan Prabowo-Gibran agar Indonesia semakin maju. unv PDemokrat AgusYudhoyono Demokrat Demi rakyat https://t.co/Pn7QeRQvGt,ahy ajak warga semarang menangkan prabowo gibran agar indonesia semakin maju unv pdemokrat agusyudhoyono demokrat demi rakyat t co pn7qerqvgt,ahy ajak warga semarang menang prabowo gibran agar indonesia makin maju unv pdemokrat agusyudhoyono demokrat demi rakyat t co pn7qerqvgt,,ahy ajak warga semarang menang prabowo gibran agar indonesia makin maju unv pdemokrat agusyudhoyono demokrat demi rakyat t co pn7qerqvgt,19.0,Positif
AHY diskusi masalah bangsa dengan Gibran: Tantangan global makin kompleks. gxp AgusYudhoyono PDemokrat Demokrat Demi rakyat https://t.co/23jMwsftMp,ahy diskusi masalah bangsa dengan gibran tantangan global makin kompleks gxp agusyudhoyono pdemokrat demokrat demi rakyat t co 23jmwsftmp,ahy diskusi masalah bangsa dengan gibran tantang global makin kompleks gxp agusyudhoyono pdemokrat demokrat demi rakyat t co 23jmwsftmp,,ahy diskusi masalah bangsa dengan gibran tantang global makin kompleks gxp agusyudhoyono pdemokrat demokrat demi rakyat t co 23jmwsftmp,1.0,Positif
@hidahidaan Gibran akan diplot seperti Kyai Maruf untuk mengambil suara fanatis. KHMA ambil suara Nahdliyin Gibran mengamankan suara Projo.,hidahidaan gibran akan diplot seperti kyai maruf untuk mengambil suara fanatis khma ambil suara nahdliyin gibran mengamankan suara projo,hidahidaan gibran akan plot seperti kyai maruf untuk ambil suara fanatis khma ambil suara nahdliyin gibran aman suara projo,,hidahidaan gibran akan plot seperti kyai maruf untuk ambil suara fanatis khma ambil suara nahdliyin gibran aman suara projo,-7.0,Negatif
SBY dan AHY kompak ajak masyarakat Banyuwangi pilih Prabowo-Gibran. qx] AgusYudhoyono PDemokrat Demokrat Demi rakyat https://t.co/uVvqtOONS2,sby dan ahy kompak ajak masyarakat banyuwangi pilih prabowo gibran qx agusyudhoyono pdemokrat demokrat demi rakyat t co uvvqtoons2,sby dan ahy kompak ajak masyarakat banyuwangi pilih prabowo gibran qx agusyudhoyono pdemokrat demokrat demi rakyat t co uvvqtoons2,,sby dan ahy kompak ajak masyarakat banyuwangi pilih prabowo gibran qx agusyudhoyono pdemokrat demokrat demi rakyat t co uvvqtoons2,10.0,Positif
Terlihat dengan setia pak SBY presiden ke 6 Indonesia di atas panggung bersama dengan mas AHY juga mendukung Prabowo Gibran.. mwi PDemokrat AgusYudhoyono Demokrat Demi rakyat https://t.co/HSyslpDKGE,terlihat dengan setia pak sby presiden ke 6 indonesia di atas panggung bersama dengan mas ahy juga mendukung prabowo gibran mwi pdemokrat agusyudhoyono demokrat demi rakyat t co hsyslpdkge,lihat dengan setia pak sby presiden ke 6 indonesia di atas panggung sama dengan mas ahy juga dukung prabowo gibran mwi pdemokrat agusyudhoyono demokrat demi rakyat t co hsyslpdkge,,lihat dengan setia pak sby presiden ke 6 indonesia di atas panggung sama dengan mas ahy juga dukung prabowo gibran mwi pdemokrat agusyudhoyono demokrat demi rakyat t co hsyslpdkge,29.0,Positif
Bapak SBY dan Mas AHY pun duduk diatas panggung ikut serta mendukung Prabowo Gibran. qfx AgusYudhoyono PDemokrat Demokrat Demi rakyat https://t.co/fSiBcdwxgw,bapak sby dan mas ahy pun duduk diatas panggung ikut serta mendukung prabowo gibran qfx agusyudhoyono pdemokrat demokrat demi rakyat t co fsibcdwxgw,bapak sby dan mas ahy pun duduk atas panggung ikut serta dukung prabowo gibran qfx agusyudhoyono pdemokrat demokrat demi rakyat t co fsibcdwxgw,,bapak sby dan mas ahy pun duduk atas panggung ikut serta dukung prabowo gibran qfx agusyudhoyono pdemokrat demokrat demi rakyat t co fsibcdwxgw,9.0,Positif
Menutup masa kampanye @PDemokrat hadir all out di GBK untuk merapatkan barisan menangkan Prabowo-Gibran.. vmi AgusYudhoyono PDemokrat Demokrat Demi rakyat https://t.co/8apoN2rvSZ,menutup masa kampanye pdemokrat hadir all out di gbk untuk merapatkan barisan menangkan prabowo gibran vmi agusyudhoyono pdemokrat demokrat demi rakyat t co 8apon2rvsz,tutup masa kampanye pdemokrat hadir all out di gbk untuk rapat baris menang prabowo gibran vmi agusyudhoyono pdemokrat demokrat demi rakyat t co 8apon2rvsz,,tutup masa kampanye pdemokrat hadir all out di gbk untuk rapat baris menang prabowo gibran vmi agusyudhoyono pdemokrat demokrat demi rakyat t co 8apon2rvsz,8.0,Positif
Desa Mandiri Naik Jadi 11.456 Desa Gus Menteri @halimiskandarnu : Ini Jadi Motivasi Daerah Lain Genjot Pembangunan Desa Klik baca : https://t.co/hyqhAvNcrY #IDMKemendesaBisa @jokowi @prabowo @gibran_tweet @halimiskandarnu @taufikmadjid71 @malik_haramain @imansyukri https://t.co/ZJRZ8EnLjo,desa mandiri naik jadi 11 456 desa gus menteri halimiskandarnu ini jadi motivasi daerah lain genjot pembangunan desa klik baca t co hyqhavncry idmkemendesabisa jokowi prabowo gibran tweet halimiskandarnu taufikmadjid71 malik haramain imansyukri t co zjrz8enljo,desa mandiri naik jadi 11 456 desa gus menteri halimiskandarnu ini jadi motivasi daerah lain genjot bangun desa klik baca t co hyqhavncry idmkemendesabisa jokowi prabowo gibran tweet halimiskandarnu taufikmadjid71 malik haramain imansyukri t co zjrz8enljo,,desa mandiri naik jadi 11 456 desa gus menteri halimiskandarnu ini jadi motivasi daerah lain genjot bangun desa klik baca t co hyqhavncry idmkemendesabisa jokowi prabowo gibran tweet halimiskandarnu taufikmadjid71 malik haramain imansyukri t co zjrz8enljo,9.0,Positif
@msobri99 Kok malah nyindir Gibran? Dibilang berprestasi berani berkorban dan tulus mengabdi. Huh!,msobri99 kok malah nyindir gibran dibilang berprestasi berani berkorban dan tulus mengabdi huh,msobri99 kok malah nyindir gibran bilang prestasi berani korban dan tulus abdi huh,,msobri99 kok malah nyindir gibran bilang prestasi berani korban dan tulus abdi huh,-3.0,Negatif
#IDMKemendesaBisa @jokowi @prabowo @gibran_tweet @halimiskandarnu @Kemendespdtt @malik_haramain @imansyukri @taufikmadjid71 @yusradaridesa @azzameldzikrie @tppkemendes Sosialisasi Indeks Desa Bagi Tenaga Pendamping Profesional Wilayah Sumat...,idmkemendesabisa jokowi prabowo gibran tweet halimiskandarnu kemendespdtt malik haramain imansyukri taufikmadjid71 yusradaridesa azzameldzikrie tppkemendes sosialisasi indeks desa bagi tenaga pendamping profesional wilayah sumat,idmkemendesabisa jokowi prabowo gibran tweet halimiskandarnu kemendespdtt malik haramain imansyukri taufikmadjid71 yusradaridesa azzameldzikrie tppkemendes sosialisasi indeks desa bagi tenaga damping profesional wilayah sumat,,idmkemendesabisa jokowi prabowo gibran tweet halimiskandarnu kemendespdtt malik haramain imansyukri taufikmadjid71 yusradaridesa azzameldzikrie tppkemendes sosialisasi indeks desa bagi tenaga damping profesional wilayah sumat,4.0,Positif
Dampingi Gibran bertemu SBY AHY: Demokrat all-out menangkan Prabowo Gibran. vw^ AgusYudhoyono PDemokrat Demokrat Demi rakyat https://t.co/KKYDaPVbbQ,dampingi gibran bertemu sby ahy demokrat all out menangkan prabowo gibran vw agusyudhoyono pdemokrat demokrat demi rakyat t co kkydapvbbq,damping gibran temu sby ahy demokrat all out menang prabowo gibran vw agusyudhoyono pdemokrat demokrat demi rakyat t co kkydapvbbq,,damping gibran temu sby ahy demokrat all out menang prabowo gibran vw agusyudhoyono pdemokrat demokrat demi rakyat t co kkydapvbbq,15.0,Positif
@zarryhendrik Gibran bang. Keren. Wapres termuda sepanjang sejarah Indonesia. Attitudenya jempolan. Kecerdasannya mengalahkan profesor. Semoga anak abang persis mirip Gibran dr segala aspeknya atau kalau mau ada unsur jawanya bisa menamakan anak dengan nama Widodo.,zarryhendrik gibran bang keren wapres termuda sepanjang sejarah indonesia attitudenya jempolan kecerdasannya mengalahkan profesor semoga anak abang persis mirip gibran dr segala aspeknya atau kalau mau ada unsur jawanya bisa menamakan anak dengan nama widodo,zarryhendrik gibran bang keren wapres muda panjang sejarah indonesia attitudenya jempol cerdas kalah profesor moga anak abang persis mirip gibran dr segala aspek atau kalau mau ada unsur jawanya bisa nama anak dengan nama widodo,,zarryhendrik gibran bang keren wapres muda panjang sejarah indonesia attitudenya jempol cerdas kalah profesor moga anak abang persis mirip gibran dr segala aspek atau kalau mau ada unsur jawanya bisa nama anak dengan nama widodo,19.0,Positif
Proses penginputan IDM 2024 desa dampingan #idmkemendesbisa @jokowi @prabowo @gibran_tweet @halimiskandarnu @tppkemendes https://t.co/4efXRQ5Sfj,proses penginputan idm 2024 desa dampingan idmkemendesbisa jokowi prabowo gibran tweet halimiskandarnu tppkemendes t co 4efxrq5sfj,proses penginputan idm 2024 desa damping idmkemendesbisa jokowi prabowo gibran tweet halimiskandarnu tppkemendes t co 4efxrq5sfj,,proses penginputan idm 2024 desa damping idmkemendesbisa jokowi prabowo gibran tweet halimiskandarnu tppkemendes t co 4efxrq5sfj,3.0,Positif
@Mdy_Asmara1701 Bener kok Gibran sebelum jd wapres dan walikota jg harus jd anaknya pak jokowi dulu... Itu proses yg sulit dan panjang asliii,mdy asmara1701 bener kok gibran sebelum jd wapres dan walikota jg harus jd anaknya pak jokowi dulu itu proses yg sulit dan panjang asliii,mdy asmara1701 bener kok gibran belum jd wapres dan walikota jg harus jd anak pak jokowi dulu itu proses yg sulit dan panjang asliii,,mdy asmara1701 bener kok gibran belum jd wapres dan walikota jg harus jd anak pak jokowi dulu itu proses yg sulit dan panjang asliii,-6.0,Negatif
