full_text,cleaned-texts,stemmed-texts,pre-process
"@idextratime ANIES TEGA NANYAIN SOAL PERLINDUNGAN PEREMPUAN KE PRABOWO  LHA WONG PRABOWO AJA GA MELINDUNGI ISTRINYA, MALAH DIPEGAT NOOHHH TITIEK", idextratime anies tega nanyain soal perlindungan perempuan ke prabowo  lha wong prabowo aja ga melindungi istrinya  malah dipegat noohhh titiek,idextratime anies tega nanyain soal lindung perempuan ke prabowo lha wong prabowo aja ga lindung istri malah pegat noohhh titiek,idextratime anies tega nanyain soal lindung perempuan ke prabowo lha wong prabowo aja ga lindung istri malah pegat noohhh titiek
Pertanyan pak anies soal perlindungan kepada perempuan di jawab sendiri oleh pak anies ğŸ˜”,pertanyan pak anies soal perlindungan kepada perempuan di jawab sendiri oleh pak anies  ,pertanyan pak anies soal lindung kepada perempuan di jawab sendiri oleh pak anies,pertanyan pak anies soal lindung kepada perempuan di jawab sendiri oleh pak anies
Rugi sih klo pak anies ga naik,rugi sih klo pak anies ga naik,rugi sih klo pak anies ga naik,rugi sih klo pak anies ga naik
wkwk pa anies sblm nanya ke pa prabowo senyam senyumnya serem bgt,wkwk pa anies sblm nanya ke pa prabowo senyam senyumnya serem bgt,wkwk pa anies sblm nanya ke pa prabowo senyam senyum rem bgt,wkwk pa anies sblm nanya ke pa prabowo senyam senyum rem bgt
ANJIRRR FINALLY PAK ANIES NGOMONGNYA LEWAT WAKTU WALAU CMA TERIMA KASIH DOANG WKAKAKAKKAKAKA ğŸ”¥ğŸ”¥ğŸ”¥ğŸ”¥ğŸ”¥ğŸ”¥ https://t.co/VuaFCcpQU3,anjirrr finally pak anies ngomongnya lewat waktu walau cma terima kasih doang wkakakakkakaka           t co vuafccpqu3,anjirrr finally pak anies ngomongnya lewat waktu walau cma terima kasih doang wkakakakkakaka t co vuafccpqu3,anjirrr finally pak anies ngomongnya lewat waktu walau cma terima kasih doang wkakakakkakaka t co vuafccpqu3
yaAllah Anies ngomong akan menindak kekerasan perempuan termasuk sejak catcalling gue pengen nangis sedetik,yaallah anies ngomong akan menindak kekerasan perempuan termasuk sejak catcalling gue pengen nangis sedetik,yaallah anies ngomong akan tindak keras perempuan masuk sejak catcalling gue ken nang detik,yaallah anies ngomong akan tindak keras perempuan masuk sejak catcalling gue ken nang detik
"Pak anies tadi udah ngejelasin da, naha ai pak prabowo jawabannya tidak nyambung:(",pak anies tadi udah ngejelasin da  naha ai pak prabowo jawabannya tidak nyambung  ,pak anies tadi udah ngejelasin da naha ai pak prabowo jawab tidak nyambung,pak anies tadi udah ngejelasin da naha ai pak prabowo jawab tidak nyambung
tadi pak anies kurang tegas,tadi pak anies kurang tegas,tadi pak anies kurang tegas,tadi pak anies kurang tegas
Pak Anies jangan tanya soal perempuan ke Pak Prabowo  dia aja ga punya istri hehehehe,pak anies jangan tanya soal perempuan ke pak prabowo  dia aja ga punya istri hehehehe,pak anies jangan tanya soal perempuan ke pak prabowo dia aja ga punya istri hehehehe,pak anies jangan tanya soal perempuan ke pak prabowo dia aja ga punya istri hehehehe
W jadi percaya anies ganjar dah janjian ğŸ˜­ğŸ˜­ğŸ˜­,w jadi percaya anies ganjar dah janjian    ,w jadi percaya anies ganjar dah janji,w jadi percaya anies ganjar dah janji
catcalling bukan hal yang disepelekan (parafrase) -anies baswedan,catcalling bukan hal yang disepelekan  parafrase   anies baswedan,catcalling bukan hal yang sepele parafrase anies baswedan,catcalling bukan hal yang sepele parafrase anies baswedan
pak anies ngomongin perlindungan perempuan gua mau nangisss :(((,pak anies ngomongin perlindungan perempuan gua mau nangisss     ,pak anies ngomongin lindung perempuan gua mau nangisss,pak anies ngomongin lindung perempuan gua mau nangisss
pak anies aware sampe ke masalah cat-calling juga,pak anies aware sampe ke masalah cat calling juga,pak anies aware sampe ke masalah cat calling juga,pak anies aware sampe ke masalah cat calling juga
"sy sdh mengetahui apa yg hrs dijadikan concern di dunia pendidikan biasa klo di lingkungan ngontakners kbtulan tetangga org ASN, apa yg disampaikan Pak Anies 100% VALID guru tdk fokus dgn bidangnya trlalu byk pekerjaan yg bersifat administratif  ABAH ANIES ROCKS DEBAT CAPRES",sy sdh mengetahui apa yg hrs dijadikan concern di dunia pendidikan biasa klo di lingkungan ngontakners kbtulan tetangga org asn  apa yg disampaikan pak anies 100  valid guru tdk fokus dgn bidangnya trlalu byk pekerjaan yg bersifat administratif  abah anies rocks debat capres,sy sdh tahu apa yg hrs jadi concern di dunia didik biasa klo di lingkung ngontakners kbtulan tetangga org asn apa yg sampai pak anies 100 valid guru tdk fokus dgn bidang trlalu byk kerja yg sifat administratif abah anies rocks debat capres,sy sdh tahu apa yg hrs jadi concern di dunia didik biasa klo di lingkung ngontakners kbtulan tetangga org asn apa yg sampai pak anies 100 valid guru tdk fokus dgn bidang trlalu byk kerja yg sifat administratif abah anies rocks debat capres
"bjir bilang pa anies kurang tegas, lu aja td ditanya apa jawab apa",bjir bilang pa anies kurang tegas  lu aja td ditanya apa jawab apa,bjir bilang pa anies kurang tegas lu aja td tanya apa jawab apa,bjir bilang pa anies kurang tegas lu aja td tanya apa jawab apa
"maneh yang gak nyambung Prabowo, bukan Anies yang gak tegas",maneh yang gak nyambung prabowo  bukan anies yang gak tegas,maneh yang gak nyambung prabowo bukan anies yang gak tegas,maneh yang gak nyambung prabowo bukan anies yang gak tegas
WUOOOHH ANIES PROGRESIF COYY â€œPEREMPUAN HARUS PUNYA WAGE YG SAMA DENGAN LAKI-LAKIâ€ğŸ˜‹ğŸ˜‹ğŸ˜‹ğŸ˜‹ğŸ˜‹,wuooohh anies progresif coyy  perempuan harus punya wage yg sama dengan laki laki      ,wuooohh anies progresif coyy perempuan harus punya wage yg sama dengan laki laki,wuooohh anies progresif coyy perempuan harus punya wage yg sama dengan laki laki
Pak anies kurang tegas nih ahhhh nooobbb,pak anies kurang tegas nih ahhhh nooobbb,pak anies kurang tegas nih ahhhh nooobbb,pak anies kurang tegas nih ahhhh nooobbb
pertanyaannya anies dari awal sudah sejelas itu,pertanyaannya anies dari awal sudah sejelas itu,tanya anies dari awal sudah jelas itu,tanya anies dari awal sudah jelas itu
"Anies dan PKS mendukung peningkatan kapasitas guru dalam menyediakan pembelajaran daring, menghadapi dinamika perubahan teknologi. #CoblosPKSAniesPresiden AniesPresiden PKSPartaiku",anies dan pks mendukung peningkatan kapasitas guru dalam menyediakan pembelajaran daring  menghadapi dinamika perubahan teknologi   coblospksaniespresiden aniespresiden pkspartaiku,anies dan pks dukung tingkat kapasitas guru dalam sedia ajar daring hadap dinamika ubah teknologi coblospksaniespresiden aniespresiden pkspartaiku,anies dan pks dukung tingkat kapasitas guru dalam sedia ajar daring hadap dinamika ubah teknologi coblospksaniespresiden aniespresiden pkspartaiku
â€œPerempuan harus punya upah yang setara dengan laki-lakiâ€ OMG PAK ANIES IS A PROGRESSIVE FEMINIST WE LOVE TO SEE IT!!!! #debatcapres2024 #DebatCapres, perempuan harus punya upah yang setara dengan laki laki  omg pak anies is a progressive feminist we love to see it      debatcapres2024  debatcapres,perempuan harus punya upah yang tara dengan laki laki omg pak anies is a progressive feminist we love to see it debatcapres2024 debatcapres,perempuan harus punya upah yang tara dengan laki laki omg pak anies is a progressive feminist we love to see it debatcapres2024 debatcapres
pak anies ngedenger jawaban El gemoy ğŸ˜ğŸ˜ğŸ˜ #debatcapres2024,pak anies ngedenger jawaban el gemoy      debatcapres2024,pak anies ngedenger jawab el gemoy debatcapres2024,pak anies ngedenger jawab el gemoy debatcapres2024
"Sejak nonton desak Anies, Selalu terkesima dengan permainan diksi dan kata kata beliau",sejak nonton desak anies  selalu terkesima dengan permainan diksi dan kata kata beliau,sejak nonton desak anies selalu kesima dengan main diksi dan kata kata beliau,sejak nonton desak anies selalu kesima dengan main diksi dan kata kata beliau
@txtdrimedia Anies sama ganjar.. yg tengah ngikut â€˜setujuâ€™ doang ga seru., txtdrimedia anies sama ganjar   yg tengah ngikut  setuju  doang ga seru ,txtdrimedia anies sama ganjar yg tengah ngikut tuju doang ga seru,txtdrimedia anies sama ganjar yg tengah ngikut tuju doang ga seru
Scene 13 INT - Ruang Debat - Night                               Cak Imin          (Menyilangkan tangan di dada) Mas Anies kok jadi lebih klik sama Pak Ganjar ya?                            Prof Mahfud hmmm aku udah resign lhoooo Pak Ganjaaaaarr,scene 13 int   ruang debat   night                               cak imin           menyilangkan tangan di dada  mas anies kok jadi lebih klik sama pak ganjar ya                             prof mahfud hmmm aku udah resign lhoooo pak ganjaaaaarr,scene 13 int ruang debat night cak imin silang tangan di dada mas anies kok jadi lebih klik sama pak ganjar ya prof mahfud hmmm aku udah resign lhoooo pak ganjaaaaarr,scene 13 int ruang debat night cak imin silang tangan di dada mas anies kok jadi lebih klik sama pak ganjar ya prof mahfud hmmm aku udah resign lhoooo pak ganjaaaaarr
Anies: â€œEh lu dengerin ngga sih apa pertanyaan gue? Coba lo jawab lagi yang bener habis ini ya soalnya perempuan tuh butuh dimuliakan.â€,anies   eh lu dengerin ngga sih apa pertanyaan gue  coba lo jawab lagi yang bener habis ini ya soalnya perempuan tuh butuh dimuliakan  ,anies eh lu dengerin ngga sih apa tanya gue coba lo jawab lagi yang bener habis ini ya soal perempuan tuh butuh mulia,anies eh lu dengerin ngga sih apa tanya gue coba lo jawab lagi yang bener habis ini ya soal perempuan tuh butuh mulia
pak aniesâ€¦ huhuâ€¦ kl dia kalah indonesia yg rugi ğŸ˜­ğŸ˜­ğŸ˜­,pak anies  huhu  kl dia kalah indonesia yg rugi    ,pak anies huhu kl dia kalah indonesia yg rugi,pak anies huhu kl dia kalah indonesia yg rugi
@presidentmoy ganjar anies nih kaya bff abis, presidentmoy ganjar anies nih kaya bff abis,presidentmoy ganjar anies nih kaya bff abis,presidentmoy ganjar anies nih kaya bff abis
PAK ANIES MAKASIH SEKALI SUDAH MENYUARAKAN KEAMANAN PEREMPUAN,pak anies makasih sekali sudah menyuarakan keamanan perempuan,pak anies makasih sekali sudah suara aman perempuan,pak anies makasih sekali sudah suara aman perempuan
pak prabs ditanya apa jawabnya apa atuh. mantaps pak anies angkat isu soal perempuan ğŸ˜™,pak prabs ditanya apa jawabnya apa atuh  mantaps pak anies angkat isu soal perempuan  ,pak prabs tanya apa jawab apa atuh mantaps pak anies angkat isu soal perempuan,pak prabs tanya apa jawab apa atuh mantaps pak anies angkat isu soal perempuan
"@imanlagi Bang Iman, minta tolong Pak ARB dibisikin sesekali promosi Desal Anies biar viewer TV &amp  Youtube mampir juga nonton Desak Anies, siapa tau engagementnya naik &amp  sekaligus nambah voter", imanlagi bang iman  minta tolong pak arb dibisikin sesekali promosi desal anies biar viewer tv  amp  youtube mampir juga nonton desak anies  siapa tau engagementnya naik  amp  sekaligus nambah voter,imanlagi bang iman minta tolong pak arb dibisikin sekal promosi desal anies biar viewer tv amp youtube mampir juga nonton desak anies siapa tau engagementnya naik amp sekaligus nambah voter,imanlagi bang iman minta tolong pak arb dibisikin sekal promosi desal anies biar viewer tv amp youtube mampir juga nonton desak anies siapa tau engagementnya naik amp sekaligus nambah voter
"as a woman, big thanks to pak anies karna bringing the woman topic up. but feel bad for u pak karna malah dibilang kurang tegas pertanyaannyağŸ˜­ğŸ™ğŸ»",as a woman  big thanks to pak anies karna bringing the woman topic up  but feel bad for u pak karna malah dibilang kurang tegas pertanyaannya   ,as a woman big thanks to pak anies karna bringing the woman topic up but feel bad for u pak karna malah bilang kurang tegas tanya,as a woman big thanks to pak anies karna bringing the woman topic up but feel bad for u pak karna malah bilang kurang tegas tanya
ANIES MENTIONING CAT-CALLING AS PERLINDUNGAN TERHADAP PEREMPUAN ğŸ¥¹ #DebatCapres #DebatCapresTerakhir #debatcapres2024,anies mentioning cat calling as perlindungan terhadap perempuan    debatcapres  debatcapresterakhir  debatcapres2024,anies mentioning cat calling as lindung hadap perempuan debatcapres debatcapresterakhir debatcapres2024,anies mentioning cat calling as lindung hadap perempuan debatcapres debatcapresterakhir debatcapres2024
"mau nangis bgt pak anies bahasnya ttg perlindungan perempuan, mana mention catcallingğŸ¥ºğŸ¥ºğŸ¥º",mau nangis bgt pak anies bahasnya ttg perlindungan perempuan  mana mention catcalling   ,mau nang bgt pak anies bahas ttg lindung perempuan mana mention catcalling,mau nang bgt pak anies bahas ttg lindung perempuan mana mention catcalling
"ABAH NANGIS BANGET SUMPAH, sampai bahas cat calling, dan memuliakan perempuanğŸ˜­ğŸ˜­  ABAH ANIES ROCKS DEBAT CAPRES  #AForEvery1  #AniesFinalStage #debatcapres2024",abah nangis banget sumpah  sampai bahas cat calling  dan memuliakan perempuan    abah anies rocks debat capres   aforevery1   aniesfinalstage  debatcapres2024,abah nang banget sumpah sampai bahas cat calling dan mulia perempuan abah anies rocks debat capres aforevery1 aniesfinalstage debatcapres2024,abah nang banget sumpah sampai bahas cat calling dan mulia perempuan abah anies rocks debat capres aforevery1 aniesfinalstage debatcapres2024
pak Anies mending langsung jadi presiden aja,pak anies mending langsung jadi presiden aja,pak anies mending langsung jadi presiden aja,pak anies mending langsung jadi presiden aja
"Dari catcalling sampai kekerasan...""  Anies Baswedan berbicara masalah perempuan  There's no way I won't coblos number one ğŸ—³ï¸ğŸ“Œ""",dari catcalling sampai kekerasan      anies baswedan berbicara masalah perempuan  there s no way i won t coblos number one     ,dari catcalling sampai keras anies baswedan bicara masalah perempuan there s no way i won t coblos number one,dari catcalling sampai keras anies baswedan bicara masalah perempuan there s no way i won t coblos number one
YA ALLAH ABAH ANIES MULIA SEKALI PEMIKIRAN YANG ABAH PUNYA TENTANG KEAMANAN PEREMPUANğŸ¥¹ğŸ’˜,ya allah abah anies mulia sekali pemikiran yang abah punya tentang keamanan perempuan  ,ya allah abah anies mulia sekali pikir yang abah punya tentang aman perempuan,ya allah abah anies mulia sekali pikir yang abah punya tentang aman perempuan
LAH KO MALAH PAK ANIES YG KURANG TEGAS WKWK,lah ko malah pak anies yg kurang tegas wkwk,lah ko malah pak anies yg kurang tegas wkwk,lah ko malah pak anies yg kurang tegas wkwk
anies malah ngejawabin buat prabowo aduh ğŸ¤­  ya kalo cuma ditegakkan berarti skrg udh cukup???? sianying nangisğŸ˜­ğŸ˜­ğŸ˜­ğŸ˜­ğŸ˜­ğŸ˜­ğŸ˜­ğŸ˜­ğŸ˜­ğŸ˜­ğŸ˜­ğŸ˜­ğŸ˜­ #debatcapres,anies malah ngejawabin buat prabowo aduh    ya kalo cuma ditegakkan berarti skrg udh cukup     sianying nangis               debatcapres,anies malah ngejawabin buat prabowo aduh ya kalo cuma tegak arti skrg udh cukup sianying nang debatcapres,anies malah ngejawabin buat prabowo aduh ya kalo cuma tegak arti skrg udh cukup sianying nang debatcapres
"mas anies kurang tegas bahas perlindungan perempuan"" HE LITERALLY ASKED U????""",mas anies kurang tegas bahas perlindungan perempuan  he literally asked u     ,mas anies kurang tegas bahas lindung perempuan he literally asked u,mas anies kurang tegas bahas lindung perempuan he literally asked u
Masya Allah Abah Anies  ABAH ANIES ROCKS DEBAT CAPRES #AForEvery1 #AniesFinalStage #debatcapres2024,masya allah abah anies  abah anies rocks debat capres  aforevery1  aniesfinalstage  debatcapres2024,masya allah abah anies abah anies rocks debat capres aforevery1 aniesfinalstage debatcapres2024,masya allah abah anies abah anies rocks debat capres aforevery1 aniesfinalstage debatcapres2024
pak anies bahas catcallingğŸ¥¹akhirnyaa huhu,pak anies bahas catcalling akhirnyaa huhu,pak anies bahas catcalling akhirnyaa huhu,pak anies bahas catcalling akhirnyaa huhu
anies sampe mention catcalling hal yang dianggap sepele sm masyarakat sekarang. my respect goesğŸ“ˆğŸ“ˆğŸ“ˆğŸ“ˆğŸ“ˆğŸ“ˆ,anies sampe mention catcalling hal yang dianggap sepele sm masyarakat sekarang  my respect goes      ,anies sampe mention catcalling hal yang anggap sepele sm masyarakat sekarang my respect goes,anies sampe mention catcalling hal yang anggap sepele sm masyarakat sekarang my respect goes
"Ini juga pertanyaan dari Pak Anies dan Pak Ganjar bagusÂ², tepat sasaran sama yg emang lagi jadi sorotan (bansos, makan siang gratis, kesejahteraan pekerja) dan yg masih minim dari sorotan (perlindungan perempuan) di pembahasan visi misi capres.",ini juga pertanyaan dari pak anies dan pak ganjar bagus   tepat sasaran sama yg emang lagi jadi sorotan  bansos  makan siang gratis  kesejahteraan pekerja  dan yg masih minim dari sorotan  perlindungan perempuan  di pembahasan visi misi capres ,ini juga tanya dari pak anies dan pak ganjar bagus tepat sasar sama yg emang lagi jadi sorot bansos makan siang gratis sejahtera kerja dan yg masih minim dari sorot lindung perempuan di bahas visi misi capres,ini juga tanya dari pak anies dan pak ganjar bagus tepat sasar sama yg emang lagi jadi sorot bansos makan siang gratis sejahtera kerja dan yg masih minim dari sorot lindung perempuan di bahas visi misi capres
padahal dari awal pertanyaan pak anies udh sangat jelasğŸ˜­ pakk wowo pulang aja dah pakk.,padahal dari awal pertanyaan pak anies udh sangat jelas  pakk wowo pulang aja dah pakk ,padahal dari awal tanya pak anies udh sangat jelas pakk wowo pulang aja dah pakk,padahal dari awal tanya pak anies udh sangat jelas pakk wowo pulang aja dah pakk
ADUH BANGKEEEEE ITU PAK ANIES UDAH NGOMONG DI AWAL GUE AJA NANGKEP,aduh bangkeeeee itu pak anies udah ngomong di awal gue aja nangkep,aduh bangkeeeee itu pak anies udah ngomong di awal gue aja nangkep,aduh bangkeeeee itu pak anies udah ngomong di awal gue aja nangkep
"Capres no urut 1 Anies Baswedan bertanya ke capres no urut 2 Prabowo Subianto.  Anies mengatakan gagasan pak Prabowo adalah keberlanjutan. Terkait dengan persoalan perempuan, bisakah dijelaskan apa yang kurang dari perlindungan perempuan.  #debatcapres",capres no urut 1 anies baswedan bertanya ke capres no urut 2 prabowo subianto   anies mengatakan gagasan pak prabowo adalah keberlanjutan  terkait dengan persoalan perempuan  bisakah dijelaskan apa yang kurang dari perlindungan perempuan    debatcapres,capres no urut 1 anies baswedan tanya ke capres no urut 2 prabowo subianto anies kata gagas pak prabowo adalah lanjut kait dengan soal perempuan bisa jelas apa yang kurang dari lindung perempuan debatcapres,capres no urut 1 anies baswedan tanya ke capres no urut 2 prabowo subianto anies kata gagas pak prabowo adalah lanjut kait dengan soal perempuan bisa jelas apa yang kurang dari lindung perempuan debatcapres
ANIES BASICALLY SHOWING OFF DIA DEKET SAMA PEREMPUAN DAN PEREMPUAN MUDA (anaknya) DAN EKOSISTEMNYA.  PRABOWO ENGGAK ğŸ˜­ğŸ˜­ğŸ˜­ğŸ˜­,anies basically showing off dia deket sama perempuan dan perempuan muda  anaknya  dan ekosistemnya   prabowo enggak     ,anies basically showing off dia deket sama perempuan dan perempuan muda anak dan ekosistem prabowo enggak,anies basically showing off dia deket sama perempuan dan perempuan muda anak dan ekosistem prabowo enggak
cok malah nyalahin anies,cok malah nyalahin anies,cok malah nyalahin anies,cok malah nyalahin anies
"Anies Baswedan menyampaikan visi misi pada Debat Capres Pamungkas. Namun, Anies sempat menggunakan bahasa isyarat saat membukanya.  #debatcapres2024 #DebatCapresTerakhir #DebatPilpres  https://t.co/2j8jkezDC3",anies baswedan menyampaikan visi misi pada debat capres pamungkas  namun  anies sempat menggunakan bahasa isyarat saat membukanya    debatcapres2024  debatcapresterakhir  debatpilpres     t co 2j8jkezdc3,anies baswedan sampai visi misi pada debat capres pamungkas namun anies sempat guna bahasa isyarat saat buka debatcapres2024 debatcapresterakhir debatpilpres t co 2j8jkezdc3,anies baswedan sampai visi misi pada debat capres pamungkas namun anies sempat guna bahasa isyarat saat buka debatcapres2024 debatcapresterakhir debatpilpres t co 2j8jkezdc3
Pak anies bilang cat calling. MENYALA ABANGKUHHHHHâ¤ï¸â€ğŸ”¥â¤ï¸â€ğŸ”¥â¤ï¸â€ğŸ”¥,pak anies bilang cat calling  menyala abangkuhhhhh            ,pak anies bilang cat calling nyala abangkuhhhhh,pak anies bilang cat calling nyala abangkuhhhhh
pak anies tuh selalu menampung semua pertanyaan yang ada di desak anies anjir terharu. dibahas semua di debat capres ce,pak anies tuh selalu menampung semua pertanyaan yang ada di desak anies anjir terharu  dibahas semua di debat capres ce,pak anies tuh selalu tampung semua tanya yang ada di desak anies anjir haru bahas semua di debat capres ce,pak anies tuh selalu tampung semua tanya yang ada di desak anies anjir haru bahas semua di debat capres ce
So true Anies. Thank you. Kenapa jawaban yg sebrang malah ngaco... pertanyaannya perlindungan dan pemberdayaan kenapa malah melimpir ke mana-mana seperti pendidikan dan karir? Two completely different situation,so true anies  thank you  kenapa jawaban yg sebrang malah ngaco    pertanyaannya perlindungan dan pemberdayaan kenapa malah melimpir ke mana mana seperti pendidikan dan karir  two completely different situation,so true anies thank you kenapa jawab yg sebrang malah ngaco tanya lindung dan daya kenapa malah melimpir ke mana mana seperti didik dan karir two completely different situation,so true anies thank you kenapa jawab yg sebrang malah ngaco tanya lindung dan daya kenapa malah melimpir ke mana mana seperti didik dan karir two completely different situation
@idextratime ğŸ”¥ğŸ”¥ğŸ”¥ğŸ”¥ğŸ”¥ğŸ”¥ğŸ”¥ğŸ”¥ delapan api menyala Anies presiden ke 8, idextratime          delapan api menyala anies presiden ke 8,idextratime delapan api nyala anies presiden ke 8,idextratime delapan api nyala anies presiden ke 8
"Interpretasi: Korban kekerasan seksual solusinya dikasih makanan bergizi"" ~Omon, 2024  #AniesFinalStage ABAH ANIES ROCKS DEBAT CAPRES ğŸ¦‰ğŸ""",interpretasi  korban kekerasan seksual solusinya dikasih makanan bergizi   omon  2024   aniesfinalstage abah anies rocks debat capres    ,interpretasi korban keras seksual solusi kasih makan gizi omon 2024 aniesfinalstage abah anies rocks debat capres,interpretasi korban keras seksual solusi kasih makan gizi omon 2024 aniesfinalstage abah anies rocks debat capres
ngeliat pak anies mention soal perempuan gue jadi terharu dan he's right kalo persoalan tentang perempuan ini salah satu masalah paling penting di indonesia,ngeliat pak anies mention soal perempuan gue jadi terharu dan he s right kalo persoalan tentang perempuan ini salah satu masalah paling penting di indonesia,ngeliat pak anies mention soal perempuan gue jadi haru dan he s right kalo soal tentang perempuan ini salah satu masalah paling penting di indonesia,ngeliat pak anies mention soal perempuan gue jadi haru dan he s right kalo soal tentang perempuan ini salah satu masalah paling penting di indonesia
"pak anies nanya soal peranan perempuan pak prabs jawabnya gizi untuk wanita hamil"" pak anies : ""mohon maaf pak bapak belum menjawab pertanyaan kami"" ğŸ˜­ğŸ˜­ğŸ˜­ğŸ™ pak anies sabar bgt""",pak anies nanya soal peranan perempuan pak prabs jawabnya gizi untuk wanita hamil  pak anies    mohon maaf pak bapak belum menjawab pertanyaan kami       pak anies sabar bgt ,pak anies nanya soal peran perempuan pak prabs jawab gizi untuk wanita hamil pak anies mohon maaf pak bapak belum jawab tanya kami pak anies sabar bgt,pak anies nanya soal peran perempuan pak prabs jawab gizi untuk wanita hamil pak anies mohon maaf pak bapak belum jawab tanya kami pak anies sabar bgt
Anies : Saya setuju Pak PrabowoğŸ˜  #WaktunyaPrabowoGibran  #AkhirnyaPilihPrabowo #GemoySamsul https://t.co/qIfjpTflyQ,anies   saya setuju pak prabowo    waktunyaprabowogibran   akhirnyapilihprabowo  gemoysamsul    t co qifjptflyq,anies saya tuju pak prabowo waktunyaprabowogibran akhirnyapilihprabowo gemoysamsul t co qifjptflyq,anies saya tuju pak prabowo waktunyaprabowogibran akhirnyapilihprabowo gemoysamsul t co qifjptflyq
PAK ANIES NGEBAHAS CAT CALLING PEREMPUAN ğŸ¥¹ğŸ¥¹ğŸ¥¹ğŸ¥¹ğŸ¥¹,pak anies ngebahas cat calling perempuan      ,pak anies ngebahas cat calling perempuan,pak anies ngebahas cat calling perempuan
